VendorID,tpep_pickup_datetime,tpep_dropoff_datetime,passenger_count,trip_distance,RatecodeID,store_and_fwd_flag,PULocationID,DOLocationID,payment_type,fare_amount,extra,mta_tax,tip_amount,tolls_amount,improvement_surcharge,total_amount,congestion_surcharge,Airport_fee,cbd_congestion_fee
2,2025-08-01 00:15:15,2025-08-01 00:19:24,2,0.95,1,N,113,68,1,6.5,1.0,0.5,2.0,0.0,1.0,14.25,2.5,0.0,0.75
2,2025-08-01 00:33:09,2025-08-01 00:45:09,1,3.77,1,N,79,263,1,17.0,1.0,0.5,4.55,0.0,1.0,27.3,2.5,0.0,0.75
2,2025-08-01 01:33:30,2025-08-01 01:51:41,1,3.9,1,N,163,7,4,20.5,1.0,0.5,0.0,0.0,1.0,26.25,2.5,0.0,0.75
2,2025-08-01 02:00:01,2025-08-01 02:27:49,2,21.43,1,N,132,66,1,78.6,1.0,0.5,9.94,0.0,1.0,92.79,0.0,1.75,0.0
1,2025-08-01 05:21:44,2025-08-01 05:32:47,1,3.1,1,N,100,75,1,14.9,4.25,0.5,6.0,0.0,1.0,26.65,2.5,0.0,0.75
1,2025-08-01 05:24:58,2025-08-01 05:49:40,1,4.8,1,N,238,234,1,24.7,4.25,0.5,7.6,0.0,1.0,38.05,2.5,0.0,0.75
2,2025-08-01 06:49:08,2025-08-01 06:59:15,1,1.96,1,N,249,137,1,12.1,0.0,0.5,3.37,0.0,1.0,20.22,2.5,0.0,0.75
2,2025-08-01 07:22:22,2025-08-01 08:14:49,1,17.72,2,N,132,141,1,70.0,0.0,0.5,12.52,6.94,1.0,95.96,2.5,1.75,0.75
1,2025-08-01 07:52:42,2025-08-01 08:01:53,1,1.6,1,N,90,233,2,10.0,3.25,0.5,0.0,0.0,1.0,14.75,2.5,0.0,0.75
2,2025-08-01 08:11:27,2025-08-01 08:25:53,1,1.35,1,N,186,170,1,13.5,0.0,0.5,0.0,0.0,1.0,18.25,2.5,0.0,0.75
1,2025-08-01 08:29:32,2025-08-01 08:35:33,1,1.3,1,N,236,237,2,7.9,2.5,0.5,0.0,0.0,1.0,11.9,2.5,0.0,0.0
1,2025-08-01 08:33:15,2025-08-01 08:46:56,1,3.3,1,N,234,65,2,17.0,3.25,0.5,0.0,0.0,1.0,21.75,2.5,0.0,0.75
2,2025-08-01 08:38:20,2025-08-01 08:53:11,1,1.99,1,N,237,75,1,15.6,0.0,0.5,1.42,0.0,1.0,21.77,2.5,0.0,0.75
2,2025-08-01 08:46:30,2025-08-01 09:04:03,1,2.77,1,N,170,263,1,18.4,0.0,0.5,3.0,0.0,1.0,26.15,2.5,0.0,0.75
2,2025-08-01 08:55:51,2025-08-01 09:12:06,1,5.61,1,N,137,65,2,25.4,0.0,0.5,0.0,0.0,1.0,30.15,2.5,0.0,0.75
2,2025-08-01 09:16:34,2025-08-01 09:46:04,1,9.85,1,N,138,246,1,42.2,5.0,0.5,11.0,6.94,1.0,71.64,2.5,1.75,0.75
2,2025-08-01 09:19:39,2025-08-01 09:34:42,1,3.31,1,N,234,140,1,18.4,0.0,0.5,4.0,0.0,1.0,27.15,2.5,0.0,0.75
2,2025-08-01 09:25:28,2025-08-01 09:29:57,1,0.61,1,N,43,237,1,6.5,0.0,0.5,2.25,0.0,1.0,13.5,2.5,0.0,0.75
2,2025-08-01 09:26:01,2025-08-01 09:29:56,1,0.74,1,N,262,140,1,5.8,0.0,0.5,1.96,0.0,1.0,11.76,2.5,0.0,0.0
2,2025-08-01 09:34:03,2025-08-01 09:38:34,1,1.16,1,N,262,229,1,7.9,0.0,0.5,1.0,0.0,1.0,13.65,2.5,0.0,0.75
2,2025-08-01 09:52:16,2025-08-01 10:00:22,1,0.97,1,N,107,137,3,9.3,0.0,0.5,0.0,0.0,1.0,14.05,2.5,0.0,0.75
2,2025-08-01 09:55:27,2025-08-01 10:08:43,1,1.62,1,N,161,237,1,12.8,0.0,0.5,1.0,0.0,1.0,18.55,2.5,0.0,0.75
2,2025-08-01 09:58:51,2025-08-01 10:19:34,1,3.36,1,N,237,249,1,19.1,0.0,0.5,5.96,0.0,1.0,29.81,2.5,0.0,0.75
2,2025-08-01 10:07:49,2025-08-01 10:19:07,3,1.08,1,N,234,224,2,10.7,0.0,0.5,0.0,0.0,1.0,15.45,2.5,0.0,0.75
2,2025-08-01 10:09:31,2025-08-01 10:31:05,4,3.6,1,N,142,166,1,21.9,0.0,0.5,5.33,0.0,1.0,31.98,2.5,0.0,0.75
1,2025-08-01 10:10:14,2025-08-01 10:24:32,1,1.5,99,N,74,74,1,19.5,0.0,0.5,0.0,0.0,0.0,20.0,0.0,0.0,0.0
2,2025-08-01 10:18:08,2025-08-01 10:40:13,1,1.5,1,N,140,161,1,18.4,0.0,0.5,4.63,0.0,1.0,27.78,2.5,0.0,0.75
2,2025-08-01 10:18:14,2025-08-01 10:32:33,1,2.39,1,N,262,142,1,14.9,0.0,0.5,3.93,0.0,1.0,23.58,2.5,0.0,0.75
2,2025-08-01 10:26:40,2025-08-01 10:41:38,1,2.77,1,N,239,170,1,16.3,0.0,0.5,4.21,0.0,1.0,25.26,2.5,0.0,0.75
2,2025-08-01 10:52:25,2025-08-01 11:02:54,1,1.35,1,N,237,236,1,12.1,0.0,0.5,2.0,0.0,1.0,18.1,2.5,0.0,0.0
2,2025-08-01 11:49:05,2025-08-01 11:49:58,1,0.12,1,N,90,90,1,3.0,0.0,0.5,2.33,0.0,1.0,10.08,2.5,0.0,0.75
2,2025-08-01 11:53:57,2025-08-01 12:04:57,2,2.0,1,N,236,24,1,12.1,0.0,0.5,3.22,0.0,1.0,19.32,2.5,0.0,0.0
2,2025-08-01 11:55:10,2025-08-01 12:12:38,1,6.49,1,N,231,233,1,28.9,0.0,0.5,0.0,0.0,1.0,33.65,2.5,0.0,0.75
2,2025-08-01 11:55:14,2025-08-01 12:11:00,1,1.64,1,N,137,114,1,15.6,0.0,0.5,4.07,0.0,1.0,24.42,2.5,0.0,0.75
2,2025-08-01 11:57:14,2025-08-01 12:39:21,2,9.72,5,N,138,186,1,65.0,5.0,0.0,16.24,6.94,1.0,99.18,2.5,1.75,0.75
2,2025-08-01 11:57:17,2025-08-01 12:11:30,2,1.22,1,N,162,164,1,13.5,0.0,0.5,0.0,0.0,1.0,18.25,2.5,0.0,0.75
2,2025-08-01 12:06:12,2025-08-01 12:28:19,1,2.38,1,N,237,186,1,19.8,0.0,0.5,4.91,0.0,1.0,29.46,2.5,0.0,0.75
2,2025-08-01 12:15:13,2025-08-01 12:31:24,1,2.31,1,N,263,161,1,16.3,0.0,0.5,1.05,0.0,1.0,22.1,2.5,0.0,0.75
1,2025-08-01 12:20:48,2025-08-01 12:28:02,1,0.8,1,N,43,236,2,7.9,2.5,0.5,0.0,0.0,1.0,11.9,2.5,0.0,0.0
2,2025-08-01 12:55:24,2025-08-01 13:04:38,1,1.32,1,N,237,161,1,10.7,0.0,0.5,2.0,0.0,1.0,17.45,2.5,0.0,0.75
2,2025-08-01 12:58:11,2025-08-01 13:09:17,2,1.1,1,N,137,107,2,10.7,0.0,0.5,0.0,0.0,1.0,15.45,2.5,0.0,0.75
2,2025-08-01 13:02:02,2025-08-01 13:10:02,1,0.7,1,N,229,161,2,8.6,0.0,0.5,0.0,0.0,1.0,13.35,2.5,0.0,0.75
2,2025-08-01 13:05:06,2025-08-01 13:25:18,1,3.55,1,N,140,234,1,21.2,0.0,0.5,1.0,0.0,1.0,26.95,2.5,0.0,0.75
2,2025-08-01 13:06:17,2025-08-01 13:19:05,1,2.34,1,N,43,163,1,14.9,0.0,0.5,3.93,0.0,1.0,23.58,2.5,0.0,0.75
2,2025-08-01 13:12:45,2025-08-01 13:23:24,1,1.03,1,N,236,237,1,10.7,0.0,0.5,1.0,0.0,1.0,15.7,2.5,0.0,0.0
2,2025-08-01 13:15:46,2025-08-01 13:21:37,1,0.9,1,N,262,236,2,7.2,0.0,0.5,0.0,0.0,1.0,11.2,2.5,0.0,0.0
1,2025-08-01 13:18:02,2025-08-01 13:22:17,1,0.3,1,N,24,151,2,5.8,0.0,0.5,0.0,0.0,1.0,7.3,0.0,0.0,0.0
2,2025-08-01 13:23:09,2025-08-01 13:41:29,1,2.76,1,N,186,143,1,18.4,0.0,0.5,5.79,0.0,1.0,28.94,2.5,0.0,0.75
2,2025-08-01 13:23:30,2025-08-01 13:38:25,2,1.86,1,N,237,143,1,14.9,0.0,0.5,3.93,0.0,1.0,23.58,2.5,0.0,0.75
2,2025-08-01 13:30:31,2025-08-01 13:55:37,6,3.23,1,N,161,144,1,22.6,0.0,0.5,0.0,0.0,1.0,27.35,2.5,0.0,0.75
2,2025-08-01 13:37:58,2025-08-01 13:46:19,2,1.02,1,N,237,236,2,10.0,0.0,0.5,0.0,0.0,1.0,14.0,2.5,0.0,0.0
2,2025-08-01 13:54:38,2025-08-01 14:26:11,1,8.28,1,N,239,220,1,38.0,0.0,0.5,9.04,3.18,1.0,54.22,2.5,0.0,0.0
2,2025-08-01 13:57:30,2025-08-01 14:00:14,1,0.52,1,N,238,151,1,5.1,0.0,0.5,1.0,0.0,1.0,7.6,0.0,0.0,0.0
1,2025-08-01 13:59:09,2025-08-01 14:40:03,1,9.0,99,N,88,42,1,37.5,0.0,0.5,0.0,0.0,0.0,38.0,0.0,0.0,0.0
2,2025-08-01 14:02:12,2025-08-01 14:11:25,3,1.3,1,N,230,163,2,10.0,0.0,0.5,0.0,0.0,1.0,14.75,2.5,0.0,0.75
2,2025-08-01 14:11:18,2025-08-01 14:28:29,1,2.43,1,N,100,211,1,17.0,0.0,0.5,4.35,0.0,1.0,26.1,2.5,0.0,0.75
2,2025-08-01 14:21:01,2025-08-01 14:49:59,3,3.48,1,N,231,230,1,25.4,0.0,0.5,3.0,0.0,1.0,33.15,2.5,0.0,0.75
2,2025-08-01 14:21:42,2025-08-01 14:35:05,1,3.51,1,N,233,236,1,17.7,0.0,0.5,3.0,0.0,1.0,25.45,2.5,0.0,0.75
2,2025-08-01 14:22:25,2025-08-01 14:32:54,1,1.69,1,N,246,142,1,11.4,0.0,0.5,3.0,0.0,1.0,19.15,2.5,0.0,0.75
1,2025-08-01 14:36:41,2025-08-01 15:52:14,1,16.8,2,N,163,132,1,70.0,3.25,0.5,18.7,0.0,1.0,93.45,2.5,0.0,0.75
2,2025-08-01 14:37:51,2025-08-01 15:00:15,1,5.92,1,N,132,134,2,26.1,0.0,0.5,0.0,0.0,1.0,29.35,0.0,1.75,0.0
2,2025-08-01 14:42:36,2025-08-01 14:46:04,1,0.7,1,N,170,162,1,5.8,0.0,0.5,1.9,0.0,1.0,12.45,2.5,0.0,0.75
2,2025-08-01 14:49:31,2025-08-01 14:56:59,1,1.11,1,N,142,163,1,9.3,0.0,0.5,2.81,0.0,1.0,16.86,2.5,0.0,0.75
2,2025-08-01 15:00:42,2025-08-01 15:12:59,2,1.48,1,N,140,263,2,12.8,0.0,0.5,0.0,0.0,1.0,16.8,2.5,0.0,0.0
2,2025-08-01 15:01:52,2025-08-01 15:13:41,1,1.56,1,N,43,163,1,12.8,0.0,0.5,3.51,0.0,1.0,21.06,2.5,0.0,0.75
2,2025-08-01 15:04:55,2025-08-01 15:06:31,1,0.26,1,N,164,164,1,4.4,0.0,0.5,0.0,0.0,1.0,9.15,2.5,0.0,0.75
2,2025-08-01 15:07:16,2025-08-01 15:45:07,2,11.09,1,N,132,138,1,47.1,5.0,0.5,5.0,0.0,1.0,60.35,0.0,1.75,0.0
2,2025-08-01 15:15:11,2025-08-01 16:04:52,1,9.96,1,N,138,114,1,51.3,5.0,0.5,13.6,6.94,1.0,83.34,2.5,1.75,0.75
1,2025-08-01 15:15:40,2025-08-01 15:33:28,1,4.2,1,N,151,233,1,19.1,3.25,0.5,2.0,0.0,1.0,25.85,2.5,0.0,0.75
2,2025-08-01 15:19:09,2025-08-01 15:32:41,1,2.21,1,N,48,141,1,14.2,0.0,0.5,2.0,0.0,1.0,20.95,2.5,0.0,0.75
2,2025-08-01 15:19:09,2025-08-01 15:35:16,1,2.35,1,N,144,170,1,16.3,0.0,0.5,4.21,0.0,1.0,25.26,2.5,0.0,0.75
2,2025-08-01 15:21:30,2025-08-01 15:37:42,1,1.16,1,N,161,48,1,14.9,0.0,0.5,3.93,0.0,1.0,23.58,2.5,0.0,0.75
1,2025-08-01 15:25:44,2025-08-01 15:33:47,1,0.8,1,N,263,75,1,7.9,0.0,0.5,3.0,0.0,1.0,12.4,0.0,0.0,0.0
1,2025-08-01 15:26:21,2025-08-01 15:50:56,1,2.6,1,N,142,236,1,21.2,3.25,0.5,5.2,0.0,1.0,31.15,2.5,0.0,0.75
1,2025-08-01 15:33:55,2025-08-01 15:42:23,1,0.7,1,N,163,142,1,9.3,3.25,0.5,0.0,0.0,1.0,14.05,2.5,0.0,0.75
2,2025-08-01 15:34:15,2025-08-01 15:40:55,1,1.21,1,N,238,142,1,9.3,0.0,0.5,3.33,0.0,1.0,16.63,2.5,0.0,0.0
2,2025-08-01 15:49:55,2025-08-01 16:17:52,1,3.32,1,N,230,144,1,24.7,0.0,0.5,0.0,0.0,1.0,29.45,2.5,0.0,0.75
2,2025-08-01 15:50:50,2025-08-01 16:03:11,1,1.49,1,N,164,161,2,12.1,0.0,0.5,0.0,0.0,1.0,16.85,2.5,0.0,0.75
2,2025-08-01 15:52:07,2025-08-01 16:04:13,1,1.88,1,N,142,161,1,13.5,0.0,0.5,3.65,0.0,1.0,21.9,2.5,0.0,0.75
2,2025-08-01 15:54:15,2025-08-01 16:14:05,1,4.17,1,N,262,107,1,21.2,0.0,0.5,5.19,0.0,1.0,31.14,2.5,0.0,0.75
1,2025-08-01 16:00:56,2025-08-01 16:18:04,2,3.2,1,N,68,13,2,19.1,5.75,0.5,0.0,0.0,1.0,26.35,2.5,0.0,0.75
2,2025-08-01 16:04:15,2025-08-01 16:38:42,1,9.04,1,N,132,95,1,38.7,0.0,0.5,3.0,0.0,1.0,44.95,0.0,1.75,0.0
2,2025-08-01 16:11:33,2025-08-01 16:22:07,1,1.03,1,N,107,186,1,10.7,2.5,0.5,3.59,0.0,1.0,21.54,2.5,0.0,0.75
1,2025-08-01 16:41:37,2025-08-01 17:04:29,1,3.1,1,N,238,100,1,19.1,5.75,0.5,5.25,0.0,1.0,31.6,2.5,0.0,0.75
1,2025-08-01 16:44:08,2025-08-01 17:29:52,1,11.3,1,N,138,106,1,47.8,9.25,0.5,11.7,0.0,1.0,70.25,0.0,1.75,0.0
2,2025-08-01 16:45:05,2025-08-01 16:50:51,1,0.97,1,N,140,263,1,7.2,2.5,0.5,2.74,0.0,1.0,16.44,2.5,0.0,0.0
2,2025-08-01 16:52:51,2025-08-01 16:59:39,1,1.17,1,N,158,246,2,9.3,2.5,0.5,0.0,0.0,1.0,16.55,2.5,0.0,0.75
2,2025-08-01 16:53:35,2025-08-01 17:02:35,2,1.35,1,N,238,142,1,10.7,2.5,0.5,3.44,0.0,1.0,20.64,2.5,0.0,0.0
2,2025-08-01 17:13:47,2025-08-01 17:48:37,2,9.03,1,N,138,238,1,43.6,7.5,0.5,5.0,6.94,1.0,68.79,2.5,1.75,0.0
2,2025-08-01 17:16:49,2025-08-01 17:25:05,1,1.39,1,N,114,186,1,10.0,2.5,0.5,3.45,0.0,1.0,20.7,2.5,0.0,0.75
2,2025-08-01 17:26:51,2025-08-01 17:55:52,1,4.34,1,N,143,148,1,27.5,2.5,0.5,6.95,0.0,1.0,41.7,2.5,0.0,0.75
2,2025-08-01 17:28:50,2025-08-01 17:53:12,1,2.78,1,N,113,162,1,21.2,2.5,0.5,5.69,0.0,1.0,34.14,2.5,0.0,0.75
1,2025-08-01 17:30:28,2025-08-01 17:44:32,1,0.4,99,N,76,76,1,16.5,0.0,0.5,0.0,0.0,0.0,17.0,0.0,0.0,0.0
1,2025-08-01 17:31:02,2025-08-01 17:40:49,1,1.3,1,N,186,113,1,10.0,5.75,0.5,5.2,0.0,1.0,22.45,2.5,0.0,0.75
2,2025-08-01 17:40:47,2025-08-01 17:47:31,1,1.02,1,N,107,170,1,8.6,2.5,0.5,3.17,0.0,1.0,19.02,2.5,0.0,0.75
2,2025-08-01 17:45:51,2025-08-01 17:58:27,1,0.86,1,N,161,163,1,12.1,2.5,0.5,3.87,0.0,1.0,23.22,2.5,0.0,0.75
2,2025-08-01 17:48:48,2025-08-01 17:54:55,1,0.77,1,N,170,48,1,7.2,2.5,0.5,2.89,0.0,1.0,17.34,2.5,0.0,0.75
2,2025-08-01 17:57:11,2025-08-01 18:07:06,1,1.71,1,N,170,79,1,11.4,2.5,0.5,2.0,0.0,1.0,20.65,2.5,0.0,0.75
2,2025-08-01 17:59:31,2025-08-01 18:13:33,1,2.45,1,N,161,75,1,15.6,2.5,0.5,4.57,0.0,1.0,27.42,2.5,0.0,0.75
1,2025-08-01 18:03:24,2025-08-01 18:12:35,1,1.4,1,N,246,50,1,10.7,5.75,0.5,4.5,0.0,1.0,22.45,2.5,0.0,0.75
2,2025-08-01 18:07:47,2025-08-01 18:14:28,1,0.77,1,N,7,260,4,7.9,2.5,0.5,0.0,0.0,1.0,11.9,0.0,0.0,0.0
1,2025-08-01 18:09:38,2025-08-01 18:17:53,1,1.0,1,N,161,170,1,7.9,5.75,0.5,3.03,0.0,1.0,18.18,2.5,0.0,0.75
2,2025-08-01 18:12:16,2025-08-01 18:30:20,1,5.48,1,N,13,143,1,24.7,2.5,0.5,2.5,0.0,1.0,34.45,2.5,0.0,0.75
2,2025-08-01 18:12:38,2025-08-01 18:34:51,1,2.26,1,N,246,107,1,19.8,2.5,0.5,2.0,0.0,1.0,29.05,2.5,0.0,0.75
2,2025-08-01 18:15:41,2025-08-01 18:27:23,1,1.69,1,N,163,143,1,12.1,2.5,0.5,1.94,0.0,1.0,21.29,2.5,0.0,0.75
1,2025-08-01 18:20:35,2025-08-01 18:26:09,1,1.4,1,N,43,239,1,8.6,5.0,0.5,3.0,0.0,1.0,18.1,2.5,0.0,0.0
2,2025-08-01 18:35:45,2025-08-01 19:33:31,1,17.96,2,N,50,132,1,70.0,5.0,0.5,10.0,6.94,1.0,96.69,2.5,0.0,0.75
2,2025-08-01 18:50:13,2025-08-01 19:01:04,1,1.27,1,N,163,141,1,11.4,2.5,0.5,2.0,0.0,1.0,20.65,2.5,0.0,0.75
2,2025-08-01 18:54:25,2025-08-01 19:04:30,1,1.04,1,N,148,144,1,10.7,2.5,0.5,3.59,0.0,1.0,21.54,2.5,0.0,0.75
2,2025-08-01 18:58:50,2025-08-01 19:23:24,1,9.71,1,N,138,49,1,40.1,7.5,0.5,12.28,0.0,1.0,63.13,0.0,1.75,0.0
1,2025-08-01 19:01:14,2025-08-01 19:13:42,1,1.1,1,N,161,186,2,11.4,5.75,0.5,0.0,0.0,1.0,18.65,2.5,0.0,0.75
2,2025-08-01 19:05:42,2025-08-01 19:12:41,2,0.56,1,N,237,237,1,7.9,2.5,0.5,3.6,0.0,1.0,18.0,2.5,0.0,0.0
2,2025-08-01 19:12:44,2025-08-01 19:18:28,1,0.72,1,N,163,162,1,7.2,2.5,0.5,2.89,0.0,1.0,17.34,2.5,0.0,0.75
2,2025-08-01 19:23:01,2025-08-01 19:31:39,2,1.17,1,N,239,236,1,10.0,2.5,0.5,0.0,0.0,1.0,16.5,2.5,0.0,0.0
2,2025-08-01 19:25:06,2025-08-01 19:30:49,1,0.94,1,N,100,68,1,7.2,2.5,0.5,2.89,0.0,1.0,17.34,2.5,0.0,0.75
1,2025-08-01 19:25:55,2025-08-01 19:30:44,1,0.7,1,N,162,229,1,6.5,5.75,0.5,1.5,0.0,1.0,15.25,2.5,0.0,0.75
1,2025-08-01 19:30:44,2025-08-01 19:36:40,2,0.7,1,N,79,144,1,7.2,5.75,0.5,2.85,0.0,1.0,17.3,2.5,0.0,0.75
2,2025-08-01 19:43:45,2025-08-01 19:52:35,1,1.63,1,N,161,141,1,10.7,2.5,0.5,3.59,0.0,1.0,21.54,2.5,0.0,0.75
2,2025-08-01 19:46:11,2025-08-01 20:18:10,2,6.26,1,N,100,80,1,33.8,2.5,0.5,8.21,0.0,1.0,49.26,2.5,0.0,0.75
1,2025-08-01 19:47:05,2025-08-01 19:53:06,1,1.0,1,N,142,48,1,8.6,5.75,0.5,3.15,0.0,1.0,19.0,2.5,0.0,0.75
2,2025-08-01 19:53:19,2025-08-01 19:58:50,1,1.07,1,N,163,236,1,7.9,2.5,0.5,3.03,0.0,1.0,18.18,2.5,0.0,0.75
1,2025-08-01 19:58:12,2025-08-01 20:19:24,2,3.0,1,N,141,234,1,19.8,5.75,0.5,5.41,0.0,1.0,32.46,2.5,0.0,0.75
2,2025-08-01 20:09:03,2025-08-01 21:03:54,1,18.18,2,N,132,142,1,70.0,0.0,0.5,14.95,0.0,1.0,91.45,2.5,1.75,0.75
2,2025-08-01 20:38:23,2025-08-01 20:54:58,1,8.3,1,N,138,126,1,34.5,6.0,0.5,9.79,6.94,1.0,60.48,0.0,1.75,0.0
1,2025-08-01 20:52:59,2025-08-01 20:58:12,1,0.6,1,N,230,161,1,6.5,4.25,0.5,3.05,0.0,1.0,15.3,2.5,0.0,0.75
2,2025-08-01 20:54:21,2025-08-01 21:01:50,1,1.75,1,N,143,162,1,10.0,1.0,0.5,3.0,0.0,1.0,18.75,2.5,0.0,0.75
2,2025-08-01 20:54:48,2025-08-01 21:02:20,1,1.62,1,N,142,236,1,10.0,1.0,0.5,3.75,0.0,1.0,18.75,2.5,0.0,0.0
2,2025-08-01 21:06:31,2025-08-01 21:12:13,1,1.32,1,N,161,236,1,8.6,1.0,0.5,1.5,0.0,1.0,15.85,2.5,0.0,0.75
2,2025-08-01 21:08:54,2025-08-01 21:20:33,1,1.64,1,N,144,107,1,12.1,1.0,0.5,1.0,0.0,1.0,18.85,2.5,0.0,0.75
1,2025-08-01 21:11:04,2025-08-01 21:39:14,1,4.2,99,N,222,61,1,25.5,0.0,0.5,0.0,0.0,0.0,26.0,0.0,0.0,0.0
2,2025-08-01 21:17:20,2025-08-01 21:37:09,1,9.22,1,N,170,244,1,38.0,1.0,0.5,8.75,0.0,1.0,52.5,2.5,0.0,0.75
1,2025-08-01 21:23:46,2025-08-01 21:33:09,2,7.1,1,N,132,10,1,28.2,2.75,0.5,6.45,0.0,1.0,38.9,0.0,1.75,0.0
2,2025-08-01 21:31:49,2025-08-01 21:45:07,1,2.44,1,N,142,263,1,14.9,1.0,0.5,3.98,0.0,1.0,23.88,2.5,0.0,0.0
2,2025-08-01 21:32:39,2025-08-01 21:44:49,2,2.19,1,N,142,236,1,14.2,1.0,0.5,0.96,0.0,1.0,20.16,2.5,0.0,0.0
2,2025-08-01 21:32:43,2025-08-01 22:03:19,1,14.42,1,N,132,179,1,54.8,1.0,0.5,11.46,0.0,1.0,70.51,0.0,1.75,0.0
2,2025-08-01 21:43:23,2025-08-01 21:50:55,1,0.59,1,N,100,163,1,7.9,1.0,0.5,1.0,0.0,1.0,14.65,2.5,0.0,0.75
2,2025-08-01 21:49:28,2025-08-01 22:15:36,1,6.59,1,N,166,234,1,33.8,1.0,0.5,11.64,0.0,1.0,50.44,2.5,0.0,0.0
2,2025-08-01 21:50:43,2025-08-01 21:59:57,1,1.55,1,N,158,107,1,10.0,1.0,0.5,1.89,0.0,1.0,17.64,2.5,0.0,0.75
2,2025-08-01 21:56:54,2025-08-01 22:06:46,1,1.05,1,N,79,148,1,10.0,1.0,0.5,3.15,0.0,1.0,18.9,2.5,0.0,0.75
2,2025-08-01 22:01:42,2025-08-01 22:19:10,1,2.43,1,N,144,186,1,16.3,1.0,0.5,4.41,0.0,1.0,26.46,2.5,0.0,0.75
2,2025-08-01 22:07:08,2025-08-01 22:14:46,1,3.24,1,N,132,216,4,14.2,1.0,0.5,0.0,0.0,1.0,18.45,0.0,1.75,0.0
2,2025-08-01 22:11:26,2025-08-01 22:20:48,1,0.83,1,N,142,161,1,9.3,1.0,0.5,3.0,0.0,1.0,18.05,2.5,0.0,0.75
2,2025-08-01 22:12:06,2025-08-01 22:31:06,2,3.11,1,N,145,17,1,19.1,1.0,0.5,4.32,0.0,1.0,25.92,0.0,0.0,0.0
2,2025-08-01 22:12:53,2025-08-01 22:24:48,1,2.81,1,N,107,141,1,14.2,1.0,0.5,3.99,0.0,1.0,23.94,2.5,0.0,0.75
2,2025-08-01 22:19:11,2025-08-01 22:53:16,2,11.32,1,N,48,69,1,49.9,1.0,0.5,10.0,0.0,1.0,65.65,2.5,0.0,0.75
1,2025-08-01 22:19:13,2025-08-01 22:44:14,1,9.4,1,N,138,151,1,38.7,7.75,0.5,10.0,6.94,1.0,64.89,0.0,1.75,0.0
2,2025-08-01 22:19:58,2025-08-01 22:34:54,1,3.22,1,N,158,87,1,17.7,1.0,0.5,4.69,0.0,1.0,28.14,2.5,0.0,0.75
2,2025-08-01 22:26:41,2025-08-01 22:48:07,1,6.35,1,N,141,116,1,29.6,1.0,0.5,6.0,0.0,1.0,40.6,2.5,0.0,0.0
2,2025-08-01 22:27:43,2025-08-01 22:36:33,2,0.99,1,N,113,249,1,9.3,1.0,0.5,4.51,0.0,1.0,19.56,2.5,0.0,0.75
2,2025-08-01 22:30:52,2025-08-01 22:50:05,2,3.3,1,N,239,233,1,20.5,1.0,0.5,5.25,0.0,1.0,31.5,2.5,0.0,0.75
2,2025-08-01 22:33:18,2025-08-01 22:54:25,5,4.7,1,N,114,142,1,24.7,1.0,0.5,6.09,0.0,1.0,36.54,2.5,0.0,0.75
2,2025-08-01 22:34:51,2025-08-01 22:39:41,1,0.3,1,N,186,68,2,5.8,1.0,0.5,0.0,0.0,1.0,11.55,2.5,0.0,0.75
2,2025-08-01 22:39:16,2025-08-01 23:01:12,1,5.92,1,N,230,41,1,29.6,1.0,0.5,3.54,0.0,1.0,38.89,2.5,0.0,0.75
1,2025-08-01 22:39:53,2025-08-01 23:33:26,1,13.0,1,N,231,41,1,62.5,4.25,0.5,8.0,0.0,1.0,76.25,2.5,0.0,0.75
1,2025-08-01 22:40:08,2025-08-01 22:43:30,3,0.9,1,N,237,236,1,5.8,3.5,0.5,2.15,0.0,1.0,12.95,2.5,0.0,0.0
2,2025-08-01 22:47:27,2025-08-01 23:27:00,1,17.38,2,N,132,107,1,70.0,0.0,0.5,16.34,6.94,1.0,98.03,2.5,0.0,0.75
2,2025-08-01 23:15:45,2025-08-01 23:20:51,1,0.83,1,N,140,229,1,6.5,1.0,0.5,2.45,0.0,1.0,14.7,2.5,0.0,0.75
1,2025-08-01 23:24:44,2025-08-01 23:35:31,1,2.6,5,N,144,25,1,21.0,0.75,0.0,5.65,0.0,1.0,28.4,0.0,0.0,0.75
2,2025-08-01 23:26:19,2025-08-01 23:36:04,1,1.01,1,N,232,79,1,10.0,1.0,0.5,3.15,0.0,1.0,18.9,2.5,0.0,0.75
2,2025-08-01 23:29:28,2025-08-01 23:38:35,1,1.35,1,N,238,166,1,10.7,1.0,0.5,3.92,0.0,1.0,19.62,2.5,0.0,0.0
2,2025-08-02 00:30:27,2025-08-02 00:43:33,1,2.1,1,N,246,113,1,13.5,1.0,0.5,1.0,0.0,1.0,20.25,2.5,0.0,0.75
2,2025-08-02 00:48:57,2025-08-02 01:06:31,1,4.86,1,N,144,263,1,22.6,1.0,0.5,4.0,0.0,1.0,32.35,2.5,0.0,0.75
2,2025-08-02 01:05:34,2025-08-02 01:09:42,1,0.77,1,N,158,246,1,6.5,1.0,0.5,0.0,0.0,1.0,12.25,2.5,0.0,0.75
2,2025-08-02 01:12:21,2025-08-02 01:33:19,1,3.51,1,N,249,107,1,21.9,1.0,0.5,5.53,0.0,1.0,33.18,2.5,0.0,0.75
2,2025-08-02 01:14:30,2025-08-02 01:46:14,1,5.52,1,N,79,238,4,31.7,1.0,0.5,0.0,0.0,1.0,37.45,2.5,0.0,0.75
2,2025-08-02 01:24:27,2025-08-02 01:35:37,3,1.94,1,N,158,164,1,12.1,1.0,0.5,3.57,0.0,1.0,21.42,2.5,0.0,0.75
2,2025-08-02 01:31:14,2025-08-02 01:44:55,3,2.19,1,N,144,90,1,14.2,1.0,0.5,3.99,0.0,1.0,23.94,2.5,0.0,0.75
1,2025-08-02 01:32:48,2025-08-02 01:38:12,1,0.9,1,N,186,162,1,6.5,4.25,0.5,2.45,0.0,1.0,14.7,2.5,0.0,0.75
2,2025-08-02 01:40:07,2025-08-02 01:46:56,1,1.07,1,N,90,107,1,8.6,1.0,0.5,1.0,0.0,1.0,15.35,2.5,0.0,0.75
2,2025-08-02 01:51:42,2025-08-02 02:08:28,2,5.06,1,N,79,263,1,24.7,1.0,0.5,6.09,0.0,1.0,36.54,2.5,0.0,0.75
2,2025-08-02 01:57:10,2025-08-02 02:09:27,1,1.65,1,N,79,211,1,12.8,1.0,0.5,0.1,0.0,1.0,18.65,2.5,0.0,0.75
2,2025-08-02 02:28:04,2025-08-02 03:00:18,1,4.04,1,N,164,7,1,31.0,1.0,0.5,1.0,0.0,1.0,37.75,2.5,0.0,0.75
2,2025-08-02 02:39:52,2025-08-02 02:46:52,1,0.99,1,N,234,249,1,8.6,1.0,0.5,2.0,0.0,1.0,16.35,2.5,0.0,0.75
2,2025-08-02 02:44:21,2025-08-02 02:52:24,2,2.03,1,N,79,170,1,10.7,1.0,0.5,2.5,0.0,1.0,18.95,2.5,0.0,0.75
2,2025-08-02 02:45:32,2025-08-02 02:59:27,1,2.91,1,N,234,87,1,15.6,1.0,0.5,4.27,0.0,1.0,25.62,2.5,0.0,0.75
2,2025-08-02 02:50:25,2025-08-02 03:01:10,1,1.73,1,N,211,4,1,12.1,1.0,0.5,1.5,0.0,1.0,19.35,2.5,0.0,0.75
1,2025-08-02 03:16:45,2025-08-02 03:38:53,1,4.7,1,N,48,112,1,22.6,4.25,0.5,5.65,0.0,1.0,34.0,2.5,0.0,0.75
2,2025-08-02 04:02:35,2025-08-02 04:09:13,1,1.9,1,N,263,75,1,10.0,1.0,0.5,3.0,0.0,1.0,18.0,2.5,0.0,0.0
2,2025-08-02 04:10:20,2025-08-02 04:13:36,2,0.3,1,N,230,230,2,5.1,1.0,0.5,0.0,0.0,1.0,10.85,2.5,0.0,0.75
2,2025-08-02 07:16:32,2025-08-02 07:20:22,1,1.03,1,N,113,186,1,7.2,0.0,0.5,2.39,0.0,1.0,14.34,2.5,0.0,0.75
2,2025-08-02 07:48:32,2025-08-02 07:53:38,1,0.77,1,N,234,68,1,7.2,0.0,0.5,2.39,0.0,1.0,14.34,2.5,0.0,0.75
2,2025-08-02 08:04:32,2025-08-02 08:10:33,2,1.09,1,N,170,107,1,7.9,0.0,0.5,3.16,0.0,1.0,15.81,2.5,0.0,0.75
1,2025-08-02 08:42:04,2025-08-02 09:00:10,1,9.5,1,N,138,162,1,37.3,10.0,0.5,11.15,6.94,1.0,66.89,2.5,1.75,0.75
2,2025-08-02 08:57:20,2025-08-02 09:09:18,1,2.54,1,N,75,237,2,14.2,0.0,0.5,0.0,0.0,1.0,18.95,2.5,0.0,0.75
2,2025-08-02 09:09:59,2025-08-02 09:25:19,1,4.13,1,N,263,68,1,19.8,0.0,0.5,4.91,0.0,1.0,29.46,2.5,0.0,0.75
2,2025-08-02 09:49:17,2025-08-02 10:05:35,1,7.65,1,N,138,263,1,30.3,5.0,0.5,9.25,6.94,1.0,57.24,2.5,1.75,0.0
2,2025-08-02 09:53:51,2025-08-02 10:02:21,2,1.27,1,N,113,231,1,10.0,0.0,0.5,3.69,0.0,1.0,18.44,2.5,0.0,0.75
2,2025-08-02 10:17:43,2025-08-02 10:32:31,1,3.27,1,N,161,75,2,17.0,0.0,0.5,0.0,0.0,1.0,21.75,2.5,0.0,0.75
2,2025-08-02 10:23:17,2025-08-02 10:35:31,2,2.04,1,N,162,237,1,12.8,0.0,0.5,2.0,0.0,1.0,19.55,2.5,0.0,0.75
2,2025-08-02 10:40:06,2025-08-02 10:46:45,2,1.47,1,N,239,43,2,10.0,0.0,0.5,0.0,0.0,1.0,14.0,2.5,0.0,0.0
1,2025-08-02 10:41:39,2025-08-02 10:58:37,1,2.1,1,N,230,90,1,15.6,3.25,0.5,5.1,0.0,1.0,25.45,2.5,0.0,0.75
2,2025-08-02 11:01:59,2025-08-02 11:14:03,1,1.17,1,N,261,211,1,12.1,0.0,0.5,4.21,0.0,1.0,21.06,2.5,0.0,0.75
2,2025-08-02 11:16:52,2025-08-02 11:29:13,1,1.06,1,N,230,164,2,12.1,0.0,0.5,0.0,0.0,1.0,16.85,2.5,0.0,0.75
2,2025-08-02 11:24:39,2025-08-02 11:47:48,1,3.68,1,N,114,263,1,22.6,0.0,0.5,4.1,0.0,1.0,31.45,2.5,0.0,0.75
2,2025-08-02 11:28:18,2025-08-02 12:10:01,2,17.5,2,N,132,234,1,70.0,0.0,0.5,12.0,6.94,1.0,95.44,2.5,1.75,0.75
2,2025-08-02 11:28:38,2025-08-02 11:36:24,2,1.5,1,N,140,236,1,10.0,0.0,0.5,2.8,0.0,1.0,16.8,2.5,0.0,0.0
1,2025-08-02 11:36:50,2025-08-02 12:09:58,1,4.5,1,N,43,144,1,28.2,3.25,0.5,6.6,0.0,1.0,39.55,2.5,0.0,0.75
1,2025-08-02 11:43:56,2025-08-02 11:53:49,1,1.2,1,N,107,4,1,10.7,3.25,0.5,3.05,0.0,1.0,18.5,2.5,0.0,0.75
2,2025-08-02 12:04:43,2025-08-02 12:13:36,2,1.43,1,N,186,158,1,10.7,0.0,0.5,2.0,0.0,1.0,17.45,2.5,0.0,0.75
2,2025-08-02 12:15:14,2025-08-02 12:25:21,1,2.12,1,N,151,237,2,12.8,0.0,0.5,0.0,0.0,1.0,16.8,2.5,0.0,0.0
2,2025-08-02 12:19:31,2025-08-02 12:23:05,2,0.75,1,N,90,249,1,5.8,0.0,0.5,3.17,0.0,1.0,13.72,2.5,0.0,0.75
2,2025-08-02 12:26:47,2025-08-02 12:26:53,1,0.02,5,N,231,231,1,40.0,0.0,0.0,8.85,0.0,1.0,53.1,2.5,0.0,0.75
2,2025-08-02 12:36:32,2025-08-02 12:44:54,1,0.79,1,N,235,18,2,8.6,0.0,0.5,0.0,0.0,1.0,10.1,0.0,0.0,0.0
2,2025-08-02 12:43:18,2025-08-02 12:56:51,1,2.4,1,N,236,50,1,14.9,0.0,0.5,2.0,0.0,1.0,21.65,2.5,0.0,0.75
2,2025-08-02 12:54:24,2025-08-02 13:02:46,1,1.39,1,N,75,151,1,10.7,0.0,0.5,2.44,0.0,1.0,14.64,0.0,0.0,0.0
2,2025-08-02 13:08:50,2025-08-02 13:15:07,1,1.45,1,N,140,263,2,8.6,0.0,0.5,0.0,0.0,1.0,12.6,2.5,0.0,0.0
2,2025-08-02 13:16:31,2025-08-02 13:20:02,1,0.79,1,N,43,230,2,5.8,0.0,0.5,0.0,0.0,1.0,10.55,2.5,0.0,0.75
2,2025-08-02 13:23:09,2025-08-02 13:32:42,1,1.03,1,N,236,237,1,10.0,0.0,0.5,2.1,0.0,1.0,16.1,2.5,0.0,0.0
1,2025-08-02 13:25:24,2025-08-02 13:53:10,1,4.3,1,N,186,87,1,25.4,3.25,0.5,6.05,0.0,1.0,36.2,2.5,0.0,0.75
2,2025-08-02 13:27:42,2025-08-02 13:52:25,2,5.48,1,N,140,211,1,30.3,0.0,0.5,0.0,0.0,1.0,35.05,2.5,0.0,0.75
2,2025-08-02 13:47:45,2025-08-02 14:11:15,1,10.32,1,N,132,129,1,40.8,0.0,0.5,12.69,0.0,1.0,56.74,0.0,1.75,0.0
2,2025-08-02 13:49:07,2025-08-02 13:59:30,1,1.16,1,N,162,186,1,10.7,0.0,0.5,3.0,0.0,1.0,18.45,2.5,0.0,0.75
2,2025-08-02 14:00:03,2025-08-02 14:05:37,1,0.83,1,N,170,48,1,7.2,0.0,0.5,2.39,0.0,1.0,14.34,2.5,0.0,0.75
2,2025-08-02 14:03:39,2025-08-02 14:12:43,1,1.3,1,N,48,239,1,10.0,0.0,0.5,0.0,0.0,1.0,14.75,2.5,0.0,0.75
2,2025-08-02 14:17:24,2025-08-02 14:24:27,1,1.34,1,N,162,140,1,8.6,0.0,0.5,4.0,0.0,1.0,17.35,2.5,0.0,0.75
2,2025-08-02 14:18:40,2025-08-02 14:26:59,1,1.25,1,N,249,234,1,10.0,0.0,0.5,3.69,0.0,1.0,18.44,2.5,0.0,0.75
2,2025-08-02 14:23:18,2025-08-02 14:42:59,2,5.46,1,N,79,25,1,26.8,0.0,0.5,1.0,0.0,1.0,32.55,2.5,0.0,0.75
1,2025-08-02 14:30:05,2025-08-02 14:57:00,1,2.5,1,N,107,231,1,22.6,3.25,0.5,5.45,0.0,1.0,32.8,2.5,0.0,0.75
2,2025-08-02 14:34:03,2025-08-02 14:39:35,2,0.91,1,N,246,246,1,7.9,0.0,0.5,2.53,0.0,1.0,15.18,2.5,0.0,0.75
2,2025-08-02 14:45:50,2025-08-02 15:05:52,1,2.11,1,N,43,161,1,18.4,0.0,0.5,5.0,0.0,1.0,28.15,2.5,0.0,0.75
2,2025-08-02 14:47:33,2025-08-02 14:58:29,1,1.83,1,N,239,24,1,12.8,0.0,0.5,3.36,0.0,1.0,20.16,2.5,0.0,0.0
2,2025-08-02 14:54:15,2025-08-02 15:12:35,2,8.53,1,N,138,229,1,33.1,5.0,0.5,9.96,6.94,1.0,61.5,2.5,1.75,0.75
2,2025-08-02 15:00:55,2025-08-02 15:47:07,2,16.05,2,N,141,132,1,70.0,0.0,0.5,14.95,0.0,1.0,89.7,2.5,0.0,0.75
2,2025-08-02 15:01:09,2025-08-02 15:16:25,1,1.51,1,N,237,142,1,14.2,0.0,0.5,3.79,0.0,1.0,22.74,2.5,0.0,0.75
2,2025-08-02 15:10:37,2025-08-02 15:29:14,1,8.55,1,N,138,116,1,35.2,5.0,0.5,9.73,6.94,1.0,60.12,0.0,1.75,0.0
2,2025-08-02 15:15:47,2025-08-02 15:45:30,2,9.29,1,N,164,138,1,43.6,5.0,0.5,9.04,6.94,1.0,69.33,2.5,0.0,0.75
1,2025-08-02 15:35:33,2025-08-02 16:04:32,2,3.0,1,N,140,186,1,24.0,3.25,0.5,5.75,0.0,1.0,34.5,2.5,0.0,0.75
2,2025-08-02 15:55:24,2025-08-02 16:19:27,1,0.87,1,N,186,230,1,19.8,0.0,0.5,3.68,0.0,1.0,28.23,2.5,0.0,0.75
2,2025-08-02 16:00:39,2025-08-02 16:10:28,2,1.93,1,N,234,246,1,12.1,0.0,0.5,0.0,0.0,1.0,16.85,2.5,0.0,0.75
2,2025-08-02 16:02:01,2025-08-02 16:04:24,1,0.51,1,N,229,141,1,4.4,0.0,0.5,1.83,0.0,1.0,10.98,2.5,0.0,0.75
2,2025-08-02 16:10:05,2025-08-02 17:04:06,2,18.27,2,N,132,229,1,70.0,0.0,0.5,14.95,0.0,1.0,91.45,2.5,1.75,0.75
2,2025-08-02 16:18:04,2025-08-02 16:27:44,2,1.21,1,N,237,161,1,10.7,0.0,0.5,3.09,0.0,1.0,18.54,2.5,0.0,0.75
2,2025-08-02 16:31:58,2025-08-02 16:57:38,1,5.4,1,N,79,75,1,28.9,0.0,0.5,8.41,0.0,1.0,42.06,2.5,0.0,0.75
2,2025-08-02 16:32:47,2025-08-02 16:59:52,1,5.83,1,N,43,114,1,30.3,0.0,0.5,5.26,0.0,1.0,40.31,2.5,0.0,0.75
1,2025-08-02 16:44:34,2025-08-02 17:01:52,1,3.0,1,N,186,87,2,17.7,3.25,0.5,0.0,0.0,1.0,22.45,2.5,0.0,0.75
2,2025-08-02 16:54:36,2025-08-02 16:59:33,2,1.25,1,N,142,238,1,7.9,0.0,0.5,2.38,0.0,1.0,14.28,2.5,0.0,0.0
2,2025-08-02 16:57:50,2025-08-02 16:57:58,1,0.01,1,N,132,132,4,3.0,0.0,0.5,0.0,0.0,1.0,6.25,0.0,1.75,0.0
2,2025-08-02 17:01:56,2025-08-02 17:18:09,1,2.95,1,N,43,50,1,17.7,0.0,0.5,4.49,0.0,1.0,26.94,2.5,0.0,0.75
2,2025-08-02 17:03:49,2025-08-02 17:59:34,1,19.55,2,N,132,113,1,70.0,0.0,0.5,5.0,6.94,1.0,88.44,2.5,1.75,0.75
2,2025-08-02 17:03:57,2025-08-02 17:08:36,1,0.95,1,N,234,90,1,7.2,0.0,0.5,2.39,0.0,1.0,14.34,2.5,0.0,0.75
1,2025-08-02 17:18:32,2025-08-02 17:23:08,1,0.7,1,N,68,246,1,5.8,3.25,0.5,2.0,0.0,1.0,12.55,2.5,0.0,0.75
2,2025-08-02 17:26:42,2025-08-02 17:31:52,1,0.61,1,N,234,107,1,6.5,0.0,0.5,2.25,0.0,1.0,13.5,2.5,0.0,0.75
2,2025-08-02 17:41:56,2025-08-02 18:09:50,1,5.64,1,N,142,4,2,29.6,0.0,0.5,0.0,0.0,1.0,34.35,2.5,0.0,0.75
2,2025-08-02 17:45:21,2025-08-02 17:53:03,4,1.44,1,N,162,237,1,10.0,0.0,0.5,2.95,0.0,1.0,17.7,2.5,0.0,0.75
1,2025-08-02 17:52:54,2025-08-02 17:56:01,1,0.5,1,N,186,90,1,5.1,3.25,0.5,1.0,0.0,1.0,10.85,2.5,0.0,0.75
2,2025-08-02 18:12:42,2025-08-02 18:22:51,1,1.1,1,N,107,114,1,10.7,0.0,0.5,2.32,0.0,1.0,17.77,2.5,0.0,0.75
2,2025-08-02 18:13:22,2025-08-02 18:18:56,1,0.78,1,N,90,249,1,7.2,0.0,0.5,1.0,0.0,1.0,12.95,2.5,0.0,0.75
2,2025-08-02 18:14:21,2025-08-02 18:41:52,1,8.0,1,N,100,116,1,38.0,0.0,0.5,0.03,0.0,1.0,42.78,2.5,0.0,0.75
2,2025-08-02 18:19:32,2025-08-02 18:43:08,1,5.01,1,N,186,24,1,28.2,0.0,0.5,9.89,0.0,1.0,42.84,2.5,0.0,0.75
2,2025-08-02 18:25:55,2025-08-02 18:26:43,1,0.14,1,N,141,141,2,3.0,0.0,0.5,0.0,0.0,1.0,7.0,2.5,0.0,0.0
2,2025-08-02 18:32:07,2025-08-02 18:37:13,2,0.94,1,N,79,236,1,7.2,0.0,0.5,2.39,0.0,1.0,14.34,2.5,0.0,0.75
2,2025-08-02 18:57:47,2025-08-02 19:03:54,1,0.85,1,N,113,79,1,7.9,0.0,0.5,2.53,0.0,1.0,15.18,2.5,0.0,0.75
2,2025-08-02 19:11:10,2025-08-02 19:20:32,2,1.73,1,N,237,229,1,10.7,0.0,0.5,3.09,0.0,1.0,18.54,2.5,0.0,0.75
2,2025-08-02 19:13:09,2025-08-02 19:25:31,1,1.76,1,N,234,48,1,12.8,0.0,0.5,4.39,0.0,1.0,21.94,2.5,0.0,0.75
2,2025-08-02 19:19:23,2025-08-02 19:24:06,2,0.85,1,N,79,137,1,7.2,0.0,0.5,2.39,0.0,1.0,14.34,2.5,0.0,0.75
2,2025-08-02 19:30:29,2025-08-02 19:41:37,1,2.06,1,N,164,114,1,12.1,0.0,0.5,2.53,0.0,1.0,19.38,2.5,0.0,0.75
1,2025-08-02 19:32:05,2025-08-02 20:10:13,1,6.6,1,N,249,195,1,36.6,3.25,0.5,2.0,0.0,1.0,43.35,2.5,0.0,0.75
1,2025-08-02 19:33:47,2025-08-02 19:43:43,1,1.4,1,N,113,224,1,10.0,3.25,0.5,2.95,0.0,1.0,17.7,2.5,0.0,0.75
2,2025-08-02 19:39:43,2025-08-02 19:55:47,1,1.76,1,N,246,249,1,14.9,0.0,0.5,3.93,0.0,1.0,23.58,2.5,0.0,0.75
2,2025-08-02 19:53:39,2025-08-02 20:06:26,4,1.63,1,N,164,162,1,12.8,0.0,0.5,3.51,0.0,1.0,21.06,2.5,0.0,0.75
1,2025-08-02 20:05:47,2025-08-02 20:11:27,1,0.8,1,N,162,229,1,7.2,4.25,0.5,0.0,0.0,1.0,12.95,2.5,0.0,0.75
2,2025-08-02 20:12:09,2025-08-02 20:12:59,2,0.09,1,N,88,231,2,3.0,1.0,0.5,0.0,0.0,1.0,8.75,2.5,0.0,0.75
1,2025-08-02 20:28:57,2025-08-02 20:47:53,1,2.4,1,N,164,239,1,17.0,4.25,0.5,5.7,0.0,1.0,28.45,2.5,0.0,0.75
2,2025-08-02 20:33:26,2025-08-02 20:40:07,1,0.61,1,N,249,158,1,7.2,1.0,0.5,2.59,0.0,1.0,15.54,2.5,0.0,0.75
1,2025-08-02 20:52:17,2025-08-02 21:02:05,1,2.2,1,N,75,229,1,11.4,4.25,0.5,3.45,0.0,1.0,20.6,2.5,0.0,0.75
2,2025-08-02 20:54:33,2025-08-02 21:11:31,1,2.98,1,N,164,263,1,17.7,1.0,0.5,4.69,0.0,1.0,28.14,2.5,0.0,0.75
2,2025-08-02 21:23:11,2025-08-02 21:29:27,2,0.99,1,N,162,170,1,7.9,1.0,0.5,2.0,0.0,1.0,15.65,2.5,0.0,0.75
2,2025-08-02 21:33:06,2025-08-02 21:41:06,1,1.42,1,N,142,50,2,10.0,1.0,0.5,0.0,0.0,1.0,15.75,2.5,0.0,0.75
2,2025-08-02 21:35:37,2025-08-02 21:38:19,1,0.34,1,N,236,236,1,5.1,1.0,0.5,1.0,0.0,1.0,11.1,2.5,0.0,0.0
1,2025-08-02 21:44:48,2025-08-02 21:55:16,1,2.0,1,N,161,142,1,12.1,4.25,0.5,3.55,0.0,1.0,21.4,2.5,0.0,0.75
2,2025-08-02 21:57:07,2025-08-02 22:17:56,1,2.78,1,N,114,161,1,19.8,1.0,0.5,6.39,0.0,1.0,31.94,2.5,0.0,0.75
2,2025-08-02 21:59:16,2025-08-02 22:43:49,1,14.31,1,N,238,61,1,61.8,1.0,0.5,14.9,6.94,1.0,89.39,2.5,0.0,0.75
2,2025-08-02 21:59:50,2025-08-02 22:37:41,2,18.21,2,N,132,41,1,70.0,0.0,0.5,15.69,6.94,1.0,95.88,0.0,1.75,0.0
2,2025-08-02 22:01:22,2025-08-02 22:11:08,1,0.4,1,N,68,100,1,9.3,1.0,0.5,0.0,0.0,1.0,15.05,2.5,0.0,0.75
2,2025-08-02 22:01:59,2025-08-02 22:25:05,1,5.45,1,N,161,166,2,28.2,1.0,0.5,0.0,0.0,1.0,33.95,2.5,0.0,0.75
2,2025-08-02 22:06:40,2025-08-02 22:12:43,1,1.25,1,N,79,107,1,8.6,1.0,0.5,0.0,0.0,1.0,14.35,2.5,0.0,0.75
1,2025-08-02 22:06:53,2025-08-02 22:13:51,1,1.3,1,Y,137,79,1,8.6,4.25,0.5,0.0,0.0,1.0,14.35,2.5,0.0,0.75
2,2025-08-02 22:10:07,2025-08-02 22:16:20,1,1.24,1,N,236,238,1,8.6,1.0,0.5,2.72,0.0,1.0,16.32,2.5,0.0,0.0
2,2025-08-02 22:19:06,2025-08-02 22:24:12,1,0.61,1,N,238,239,1,7.2,1.0,0.5,2.44,0.0,1.0,14.64,2.5,0.0,0.0
1,2025-08-02 22:23:54,2025-08-02 22:34:04,1,2.6,1,N,232,107,2,12.8,4.25,0.5,0.0,0.0,1.0,18.55,2.5,0.0,0.75
2,2025-08-02 22:24:37,2025-08-02 22:30:22,1,0.74,1,N,234,113,1,7.2,1.0,0.5,0.65,0.0,1.0,13.6,2.5,0.0,0.75
2,2025-08-02 22:33:26,2025-08-02 23:01:42,1,5.58,1,N,74,79,2,29.6,1.0,0.5,0.0,0.0,1.0,35.35,2.5,0.0,0.75
2,2025-08-02 22:36:15,2025-08-02 22:40:50,3,1.15,1,N,79,107,1,7.2,1.0,0.5,0.0,0.0,1.0,12.95,2.5,0.0,0.75
1,2025-08-02 22:46:21,2025-08-02 22:54:51,1,0.8,1,N,158,249,1,8.6,4.25,0.5,2.85,0.0,1.0,17.2,2.5,0.0,0.75
2,2025-08-02 22:47:44,2025-08-02 23:13:12,1,5.48,1,N,230,209,1,30.3,1.0,0.5,5.41,0.0,1.0,41.46,2.5,0.0,0.75
1,2025-08-02 23:00:58,2025-08-02 23:04:55,1,0.6,1,N,249,125,1,5.8,4.25,0.5,0.0,0.0,1.0,11.55,2.5,0.0,0.75
2,2025-08-02 23:02:24,2025-08-02 23:17:36,1,2.74,1,N,48,249,1,16.3,1.0,0.5,4.41,0.0,1.0,26.46,2.5,0.0,0.75
1,2025-08-02 23:19:58,2025-08-02 23:36:54,1,2.8,1,N,79,100,1,16.3,4.25,0.5,3.0,0.0,1.0,25.05,2.5,0.0,0.75
2,2025-08-02 23:25:42,2025-08-03 00:13:35,1,17.77,2,N,132,158,1,70.0,0.0,0.5,20.42,6.94,1.0,103.86,2.5,1.75,0.75
2,2025-08-02 23:27:14,2025-08-02 23:35:11,5,1.45,1,N,211,13,1,10.0,1.0,0.5,0.0,0.0,1.0,15.75,2.5,0.0,0.75
2,2025-08-02 23:35:20,2025-08-02 23:46:55,2,1.3,1,N,148,113,1,12.1,1.0,0.5,5.36,0.0,1.0,23.21,2.5,0.0,0.75
1,2025-08-02 23:35:36,2025-08-03 00:26:30,3,8.4,1,N,100,61,1,48.5,4.25,0.5,5.0,0.0,1.0,59.25,2.5,0.0,0.75
2,2025-08-02 23:52:48,2025-08-03 00:19:01,1,8.62,1,N,162,49,1,37.3,1.0,0.5,10.0,6.94,1.0,59.99,2.5,0.0,0.75
2,2025-08-02 23:53:49,2025-08-03 00:12:15,2,4.02,1,N,148,140,1,21.2,1.0,0.5,4.0,0.0,1.0,30.95,2.5,0.0,0.75
2,2025-08-03 00:03:49,2025-08-03 00:17:04,1,2.0,1,N,209,114,1,14.2,1.0,0.5,0.0,0.0,1.0,19.95,2.5,0.0,0.75
2,2025-08-03 00:16:50,2025-08-03 00:27:48,2,2.16,1,N,237,107,1,13.5,1.0,0.5,3.46,0.0,1.0,22.71,2.5,0.0,0.75
1,2025-08-03 00:45:30,2025-08-03 00:52:14,2,1.7,1,N,48,246,1,10.0,4.25,0.5,2.0,0.0,1.0,17.75,2.5,0.0,0.75
2,2025-08-03 00:54:03,2025-08-03 01:06:43,2,3.76,1,N,79,262,1,18.4,1.0,0.5,4.83,0.0,1.0,28.98,2.5,0.0,0.75
2,2025-08-03 01:13:50,2025-08-03 01:23:02,1,1.25,1,N,246,164,1,10.0,1.0,0.5,3.15,0.0,1.0,18.9,2.5,0.0,0.75
1,2025-08-03 01:15:34,2025-08-03 01:32:50,1,2.7,1,N,90,100,1,16.3,4.25,0.5,0.0,0.0,1.0,22.05,2.5,0.0,0.75
2,2025-08-03 01:26:39,2025-08-03 01:37:13,1,2.17,1,N,249,48,1,12.8,1.0,0.5,3.71,0.0,1.0,22.26,2.5,0.0,0.75
2,2025-08-03 01:26:58,2025-08-03 01:31:31,1,0.89,1,N,234,161,1,6.5,1.0,0.5,3.06,0.0,1.0,15.31,2.5,0.0,0.75
1,2025-08-03 01:30:06,2025-08-03 01:44:10,1,3.8,1,N,249,142,1,17.0,4.25,0.5,2.0,0.0,1.0,24.75,2.5,0.0,0.75
2,2025-08-03 01:33:08,2025-08-03 01:44:23,1,2.42,1,N,249,230,1,13.5,1.0,0.5,0.0,0.0,1.0,19.25,2.5,0.0,0.75
2,2025-08-03 01:36:17,2025-08-03 01:55:36,1,3.54,1,N,113,255,1,21.2,1.0,0.5,5.39,0.0,1.0,32.34,2.5,0.0,0.75
2,2025-08-03 02:46:40,2025-08-03 02:56:52,3,2.55,1,N,48,141,1,14.2,1.0,0.5,3.99,0.0,1.0,23.94,2.5,0.0,0.75
2,2025-08-03 02:47:14,2025-08-03 02:49:20,1,0.04,1,N,48,48,2,4.4,1.0,0.5,0.0,0.0,1.0,10.15,2.5,0.0,0.75
2,2025-08-03 02:50:53,2025-08-03 03:06:02,2,3.02,1,N,158,137,1,17.7,1.0,0.5,4.69,0.0,1.0,28.14,2.5,0.0,0.75
2,2025-08-03 02:58:37,2025-08-03 03:16:00,1,4.71,1,N,114,263,1,21.2,1.0,0.5,2.0,0.0,1.0,28.95,2.5,0.0,0.75
2,2025-08-03 03:00:56,2025-08-03 03:23:45,1,8.82,1,N,211,168,2,38.0,1.0,0.5,0.0,0.0,1.0,43.75,2.5,0.0,0.75
1,2025-08-03 03:03:37,2025-08-03 03:17:17,1,3.3,1,N,148,48,1,15.6,4.25,0.5,2.8,0.0,1.0,24.15,2.5,0.0,0.75
2,2025-08-03 03:18:08,2025-08-03 03:24:24,1,0.76,1,N,249,79,1,7.9,1.0,0.5,0.0,0.0,1.0,13.65,2.5,0.0,0.75
2,2025-08-03 03:26:07,2025-08-03 03:31:24,2,0.64,1,N,114,148,2,6.5,1.0,0.5,0.0,0.0,1.0,12.25,2.5,0.0,0.75
1,2025-08-03 03:41:00,2025-08-03 03:50:36,2,2.5,1,N,48,107,1,12.1,4.25,0.5,3.55,0.0,1.0,21.4,2.5,0.0,0.75
2,2025-08-03 03:58:21,2025-08-03 04:09:17,1,3.48,1,N,107,263,1,15.6,1.0,0.5,4.27,0.0,1.0,25.62,2.5,0.0,0.75
1,2025-08-03 04:03:19,2025-08-03 04:08:30,1,1.3,1,N,144,107,1,7.2,4.25,0.5,2.6,0.0,1.0,15.55,2.5,0.0,0.75
2,2025-08-03 04:07:04,2025-08-03 04:10:02,5,0.97,1,N,142,239,2,6.5,1.0,0.5,0.0,0.0,1.0,12.25,2.5,0.0,0.75
2,2025-08-03 04:16:13,2025-08-03 04:27:43,1,2.89,1,N,48,79,1,15.6,1.0,0.5,1.07,0.0,1.0,22.42,2.5,0.0,0.75
2,2025-08-03 04:22:07,2025-08-03 04:26:37,1,0.86,1,N,50,48,1,6.5,1.0,0.5,0.0,0.0,1.0,12.25,2.5,0.0,0.75
1,2025-08-03 05:05:00,2025-08-03 05:13:53,1,1.7,1,N,68,230,1,10.7,4.25,0.5,3.3,0.0,1.0,19.75,2.5,0.0,0.75
2,2025-08-03 05:06:36,2025-08-03 05:17:25,1,3.69,1,N,144,48,1,17.0,1.0,0.5,4.55,0.0,1.0,27.3,2.5,0.0,0.75
1,2025-08-03 06:30:25,2025-08-03 06:36:40,1,1.1,1,N,162,230,1,7.9,3.25,0.5,3.15,0.0,1.0,15.8,2.5,0.0,0.75
2,2025-08-03 06:44:52,2025-08-03 07:02:37,1,2.87,1,N,239,229,2,19.1,0.0,0.5,0.0,0.0,1.0,23.85,2.5,0.0,0.75
1,2025-08-03 07:26:02,2025-08-03 07:32:35,1,1.2,1,N,137,234,2,7.9,3.25,0.5,0.0,0.0,1.0,12.65,2.5,0.0,0.75
2,2025-08-03 08:04:28,2025-08-03 08:11:54,1,1.41,1,N,170,246,1,9.3,0.0,0.5,4.21,0.0,1.0,18.26,2.5,0.0,0.75
2,2025-08-03 08:39:44,2025-08-03 08:43:15,1,0.75,1,N,151,238,1,5.8,0.0,0.5,1.5,0.0,1.0,11.3,2.5,0.0,0.0
2,2025-08-03 09:01:20,2025-08-03 09:12:03,1,2.87,1,N,262,74,1,14.2,0.0,0.5,2.8,0.0,1.0,21.0,2.5,0.0,0.0
1,2025-08-03 09:02:49,2025-08-03 09:38:48,1,7.5,99,N,220,116,1,27.5,0.0,0.5,0.0,0.0,0.0,28.0,0.0,0.0,0.0
1,2025-08-03 09:04:04,2025-08-03 09:10:05,1,0.9,1,N,236,75,2,7.2,2.5,0.5,0.0,0.0,1.0,11.2,2.5,0.0,0.0
2,2025-08-03 09:10:24,2025-08-03 09:23:07,1,4.33,1,N,138,82,2,19.1,5.0,0.5,0.0,0.0,1.0,27.35,0.0,1.75,0.0
2,2025-08-03 09:12:19,2025-08-03 09:17:32,1,0.55,1,N,186,164,1,7.2,0.0,0.5,0.0,0.0,1.0,11.95,2.5,0.0,0.75
2,2025-08-03 09:19:58,2025-08-03 09:30:07,1,2.54,1,N,142,68,1,13.5,0.0,0.5,3.0,0.0,1.0,21.25,2.5,0.0,0.75
2,2025-08-03 09:24:19,2025-08-03 09:46:50,2,10.35,1,N,161,138,1,41.5,5.0,0.5,10.25,0.0,1.0,61.5,2.5,0.0,0.75
2,2025-08-03 09:58:41,2025-08-03 10:02:49,1,0.95,1,N,127,243,1,7.2,0.0,0.5,1.74,0.0,1.0,10.44,0.0,0.0,0.0
1,2025-08-03 09:59:14,2025-08-03 10:02:16,1,0.8,1,N,239,238,1,5.8,2.5,0.5,1.96,0.0,1.0,11.76,2.5,0.0,0.0
2,2025-08-03 10:02:40,2025-08-03 10:13:17,2,2.26,1,N,239,68,1,13.5,0.0,0.5,4.56,0.0,1.0,22.81,2.5,0.0,0.75
2,2025-08-03 10:32:58,2025-08-03 11:13:34,1,17.5,2,N,132,141,1,70.0,0.0,0.5,15.3,0.0,1.0,91.8,2.5,1.75,0.75
2,2025-08-03 10:35:10,2025-08-03 11:03:08,1,13.46,1,N,70,144,1,54.1,5.0,0.5,2.0,0.0,1.0,67.6,2.5,1.75,0.75
2,2025-08-03 10:40:48,2025-08-03 10:52:57,1,1.67,1,N,107,186,1,12.8,0.0,0.5,3.51,0.0,1.0,21.06,2.5,0.0,0.75
2,2025-08-03 10:48:39,2025-08-03 10:57:46,2,1.1,1,N,186,170,1,10.0,0.0,0.5,2.95,0.0,1.0,17.7,2.5,0.0,0.75
2,2025-08-03 10:54:19,2025-08-03 11:19:01,1,6.17,1,N,142,12,1,31.0,0.0,0.5,7.15,0.0,1.0,42.9,2.5,0.0,0.75
2,2025-08-03 11:03:44,2025-08-03 11:16:45,1,9.58,1,N,132,56,2,36.6,0.0,0.5,0.0,0.0,1.0,39.85,0.0,1.75,0.0
2,2025-08-03 11:14:25,2025-08-03 11:22:57,1,1.31,1,N,238,239,1,10.0,0.0,0.5,2.8,0.0,1.0,16.8,2.5,0.0,0.0
2,2025-08-03 11:17:31,2025-08-03 11:53:09,2,17.59,2,N,132,230,1,70.0,0.0,0.5,16.34,6.94,1.0,99.78,2.5,1.75,0.75
1,2025-08-03 11:32:27,2025-08-03 11:42:29,1,1.4,1,N,163,186,1,11.4,3.25,0.5,0.0,0.0,1.0,16.15,2.5,0.0,0.75
1,2025-08-03 11:39:38,2025-08-03 11:51:50,1,1.9,99,N,160,95,1,19.5,0.0,0.5,0.0,0.0,0.0,20.0,0.0,0.0,0.0
2,2025-08-03 11:42:14,2025-08-03 11:56:46,2,1.36,1,N,186,162,1,13.5,0.0,0.5,3.65,0.0,1.0,21.9,2.5,0.0,0.75
2,2025-08-03 11:43:02,2025-08-03 11:56:18,1,1.3,1,N,186,163,1,12.8,0.0,0.5,10.0,0.0,1.0,27.55,2.5,0.0,0.75
2,2025-08-03 12:04:13,2025-08-03 12:20:00,2,3.05,1,N,236,162,1,17.7,0.0,0.5,2.0,0.0,1.0,24.45,2.5,0.0,0.75
2,2025-08-03 12:20:53,2025-08-03 12:24:45,2,1.13,1,N,236,237,1,7.2,0.0,0.5,2.24,0.0,1.0,13.44,2.5,0.0,0.0
2,2025-08-03 12:23:41,2025-08-03 12:29:41,1,1.23,1,N,142,48,1,8.6,0.0,0.5,2.67,0.0,1.0,16.02,2.5,0.0,0.75
1,2025-08-03 12:25:34,2025-08-03 12:38:15,1,2.5,1,N,234,233,1,14.9,3.25,0.5,1.96,0.0,1.0,21.61,2.5,0.0,0.75
2,2025-08-03 12:35:14,2025-08-03 12:55:45,1,4.45,1,N,50,87,1,24.0,0.0,0.5,1.0,0.0,1.0,29.75,2.5,0.0,0.75
2,2025-08-03 12:36:17,2025-08-03 12:44:00,1,2.26,1,N,48,238,1,11.4,0.0,0.5,3.23,0.0,1.0,19.38,2.5,0.0,0.75
2,2025-08-03 12:40:03,2025-08-03 12:49:29,1,1.98,1,N,75,141,1,11.4,0.0,0.5,2.0,0.0,1.0,17.4,2.5,0.0,0.0
2,2025-08-03 12:52:16,2025-08-03 13:15:47,1,3.61,1,N,211,163,2,22.6,0.0,0.5,0.0,0.0,1.0,27.35,2.5,0.0,0.75
1,2025-08-03 12:56:03,2025-08-03 13:07:14,1,2.1,1,N,186,79,1,12.8,3.25,0.5,3.5,0.0,1.0,21.05,2.5,0.0,0.75
2,2025-08-03 12:58:39,2025-08-03 13:11:30,1,2.09,1,N,68,233,1,13.5,0.0,0.5,4.0,0.0,1.0,22.25,2.5,0.0,0.75
2,2025-08-03 13:03:49,2025-08-03 13:08:41,1,1.02,1,N,125,231,1,7.2,0.0,0.5,2.39,0.0,1.0,14.34,2.5,0.0,0.75
2,2025-08-03 13:05:35,2025-08-03 13:15:20,1,1.28,1,N,236,239,1,10.7,0.0,0.5,2.94,0.0,1.0,17.64,2.5,0.0,0.0
2,2025-08-03 13:23:40,2025-08-03 13:31:29,1,1.36,1,N,231,249,1,9.3,0.0,0.5,2.81,0.0,1.0,16.86,2.5,0.0,0.75
2,2025-08-03 13:24:10,2025-08-03 14:17:49,4,17.41,5,N,132,230,1,120.0,0.0,0.0,24.85,0.0,1.0,150.85,2.5,1.75,0.75
2,2025-08-03 13:28:51,2025-08-03 13:40:01,1,1.54,1,N,161,68,1,12.1,0.0,0.5,3.37,0.0,1.0,20.22,2.5,0.0,0.75
2,2025-08-03 13:29:23,2025-08-03 13:40:03,2,1.72,1,N,186,158,1,12.1,0.0,0.5,2.0,0.0,1.0,18.85,2.5,0.0,0.75
1,2025-08-03 13:30:34,2025-08-03 13:39:07,1,1.9,1,N,239,246,1,10.7,3.25,0.5,3.09,0.0,1.0,18.54,2.5,0.0,0.75
1,2025-08-03 13:31:58,2025-08-03 14:24:22,1,13.1,99,N,33,215,1,44.5,0.0,0.5,0.0,0.0,0.0,45.0,0.0,0.0,0.0
2,2025-08-03 13:55:54,2025-08-03 14:01:56,1,1.38,1,N,74,74,2,8.6,0.0,0.5,0.0,0.0,1.0,10.1,0.0,0.0,0.0
2,2025-08-03 14:15:31,2025-08-03 14:20:16,1,0.87,1,N,263,237,1,7.2,0.0,0.5,1.5,0.0,1.0,12.7,2.5,0.0,0.0
2,2025-08-03 14:23:41,2025-08-03 14:29:46,5,1.12,1,N,237,263,1,7.9,0.0,0.5,2.38,0.0,1.0,14.28,2.5,0.0,0.0
2,2025-08-03 14:30:00,2025-08-03 14:58:49,1,6.3,1,N,239,12,1,33.1,0.0,0.5,7.57,0.0,1.0,45.42,2.5,0.0,0.75
1,2025-08-03 14:32:42,2025-08-03 14:56:33,1,8.2,1,N,132,222,2,33.8,1.75,0.5,0.0,0.0,1.0,37.05,0.0,1.75,0.0
2,2025-08-03 14:41:30,2025-08-03 15:03:07,1,4.15,1,N,144,230,1,24.7,0.0,0.5,5.89,0.0,1.0,35.34,2.5,0.0,0.75
2,2025-08-03 14:55:27,2025-08-03 15:48:17,1,15.18,1,N,132,145,1,66.0,0.0,0.5,13.5,0.0,1.0,82.75,0.0,1.75,0.0
2,2025-08-03 15:00:38,2025-08-03 15:14:42,3,1.19,1,N,186,230,2,12.8,0.0,0.5,0.0,0.0,1.0,17.55,2.5,0.0,0.75
2,2025-08-03 15:09:03,2025-08-03 15:37:06,1,8.82,1,N,138,162,1,38.0,5.0,0.5,11.29,6.94,1.0,67.73,2.5,1.75,0.75
2,2025-08-03 15:12:54,2025-08-03 15:23:05,2,2.25,1,N,239,166,1,12.8,0.0,0.5,2.0,0.0,1.0,18.8,2.5,0.0,0.0
2,2025-08-03 15:13:40,2025-08-03 15:28:53,1,6.14,1,N,140,209,1,25.4,0.0,0.5,5.88,0.0,1.0,35.28,2.5,0.0,0.0
2,2025-08-03 15:33:06,2025-08-03 15:43:55,1,0.97,1,N,170,164,1,10.7,0.0,0.5,3.09,0.0,1.0,18.54,2.5,0.0,0.75
2,2025-08-03 15:33:46,2025-08-03 15:43:15,1,1.79,1,N,90,50,1,10.7,0.0,0.5,2.32,0.0,1.0,17.77,2.5,0.0,0.75
2,2025-08-03 15:47:00,2025-08-03 16:00:12,3,1.89,1,N,186,162,1,13.5,0.0,0.5,3.65,0.0,1.0,21.9,2.5,0.0,0.75
2,2025-08-03 15:51:00,2025-08-03 15:52:57,1,0.73,1,N,233,162,1,5.1,0.0,0.5,1.97,0.0,1.0,11.82,2.5,0.0,0.75
2,2025-08-03 16:00:32,2025-08-03 16:10:30,3,1.35,1,N,230,186,1,10.7,0.0,0.5,3.09,0.0,1.0,18.54,2.5,0.0,0.75
2,2025-08-03 16:06:05,2025-08-03 16:21:36,1,1.7,1,N,170,48,1,14.2,0.0,0.5,2.0,0.0,1.0,20.95,2.5,0.0,0.75
1,2025-08-03 16:17:04,2025-08-03 16:29:48,1,3.4,1,N,13,186,1,17.7,3.25,0.5,4.45,0.0,1.0,26.9,2.5,0.0,0.75
2,2025-08-03 16:17:14,2025-08-03 16:42:52,1,3.4,1,N,211,230,2,24.0,0.0,0.5,0.0,0.0,1.0,28.75,2.5,0.0,0.75
2,2025-08-03 16:22:31,2025-08-03 17:13:40,1,19.58,2,N,151,132,1,70.0,0.0,0.5,8.5,6.94,1.0,86.94,0.0,0.0,0.0
2,2025-08-03 16:31:38,2025-08-03 16:54:00,2,3.98,1,N,144,50,1,24.0,0.0,0.5,3.0,0.0,1.0,31.75,2.5,0.0,0.75
1,2025-08-03 16:36:44,2025-08-03 16:39:47,1,0.3,1,N,90,158,1,5.1,3.25,0.5,1.0,0.0,1.0,10.85,2.5,0.0,0.75
2,2025-08-03 16:44:18,2025-08-03 17:03:47,3,6.28,1,N,88,230,1,28.9,0.0,0.5,6.73,0.0,1.0,40.38,2.5,0.0,0.75
2,2025-08-03 16:51:34,2025-08-03 17:10:04,1,4.63,1,N,88,234,1,24.7,0.0,0.5,2.0,0.0,1.0,31.45,2.5,0.0,0.75
1,2025-08-03 16:57:07,2025-08-03 17:05:29,1,1.4,1,N,161,90,1,9.3,3.25,0.5,0.0,0.0,1.0,14.05,2.5,0.0,0.75
1,2025-08-03 17:03:10,2025-08-03 17:09:36,3,1.3,1,N,43,239,1,7.9,2.5,0.5,2.4,0.0,1.0,14.3,2.5,0.0,0.0
2,2025-08-03 17:05:08,2025-08-03 17:37:26,1,16.9,3,N,162,1,1,85.3,0.0,0.0,18.56,16.06,1.0,121.67,0.0,0.0,0.75
2,2025-08-03 17:05:58,2025-08-03 17:26:22,2,3.45,1,N,236,68,1,20.5,0.0,0.5,5.05,0.0,1.0,30.3,2.5,0.0,0.75
2,2025-08-03 17:07:11,2025-08-03 17:18:08,2,1.11,1,N,43,141,1,11.4,0.0,0.5,2.0,0.0,1.0,17.4,2.5,0.0,0.0
1,2025-08-03 17:08:14,2025-08-03 17:14:18,1,1.2,1,N,238,166,1,8.6,2.5,0.5,2.52,0.0,1.0,15.12,2.5,0.0,0.0
2,2025-08-03 17:10:21,2025-08-03 17:17:27,3,1.12,1,N,230,164,2,8.6,0.0,0.5,0.0,0.0,1.0,13.35,2.5,0.0,0.75
1,2025-08-03 17:12:20,2025-08-03 17:15:07,1,0.8,1,N,142,48,1,5.8,3.25,0.5,2.1,0.0,1.0,12.65,2.5,0.0,0.75
2,2025-08-03 17:13:44,2025-08-03 17:20:19,1,1.55,1,N,237,239,1,10.0,0.0,0.5,3.5,0.0,1.0,17.5,2.5,0.0,0.0
2,2025-08-03 17:34:18,2025-08-03 17:39:06,1,0.63,1,N,142,142,1,6.5,0.0,0.5,1.0,0.0,1.0,12.25,2.5,0.0,0.75
2,2025-08-03 17:39:35,2025-08-03 17:47:04,1,0.4,1,N,116,116,2,7.9,0.0,0.5,0.0,0.0,1.0,9.4,0.0,0.0,0.0
2,2025-08-03 17:42:22,2025-08-03 17:55:28,1,1.81,1,N,170,249,1,12.8,0.0,0.5,3.51,0.0,1.0,21.06,2.5,0.0,0.75
2,2025-08-03 17:43:31,2025-08-03 17:53:36,1,0.76,1,N,48,162,4,10.0,0.0,0.5,0.0,0.0,1.0,14.75,2.5,0.0,0.75
2,2025-08-03 17:44:08,2025-08-03 17:53:49,1,2.18,1,N,236,24,1,12.8,0.0,0.5,2.5,0.0,1.0,19.3,2.5,0.0,0.0
2,2025-08-03 17:46:50,2025-08-03 18:03:36,4,2.95,1,N,48,140,1,18.4,0.0,0.5,4.63,0.0,1.0,27.78,2.5,0.0,0.75
2,2025-08-03 17:53:20,2025-08-03 18:05:39,2,2.02,1,N,239,141,1,13.5,0.0,0.5,3.5,0.0,1.0,21.0,2.5,0.0,0.0
2,2025-08-03 17:54:10,2025-08-03 18:08:25,1,1.17,1,N,230,164,1,12.8,0.0,0.5,3.51,0.0,1.0,21.06,2.5,0.0,0.75
2,2025-08-03 18:04:27,2025-08-03 18:05:38,2,0.16,1,N,68,100,4,3.7,0.0,0.5,0.0,0.0,1.0,8.45,2.5,0.0,0.75
1,2025-08-03 18:07:15,2025-08-03 18:14:14,1,0.9,1,N,161,43,1,7.9,3.25,0.5,2.55,0.0,1.0,15.2,2.5,0.0,0.75
2,2025-08-03 18:24:51,2025-08-03 18:37:41,1,2.51,1,N,239,75,2,14.9,0.0,0.5,0.0,0.0,1.0,18.9,2.5,0.0,0.0
2,2025-08-03 18:26:16,2025-08-03 19:23:33,1,14.37,1,N,132,49,1,68.1,0.0,0.5,13.92,0.0,1.0,85.27,0.0,1.75,0.0
2,2025-08-03 18:27:12,2025-08-03 18:48:12,2,2.92,1,N,164,231,1,19.8,0.0,0.5,4.91,0.0,1.0,29.46,2.5,0.0,0.75
2,2025-08-03 18:30:01,2025-08-03 18:34:50,1,1.01,1,N,140,237,1,7.2,0.0,0.5,2.0,0.0,1.0,13.2,2.5,0.0,0.0
2,2025-08-03 18:30:21,2025-08-03 19:04:40,1,9.47,1,N,138,79,1,42.9,5.0,0.5,11.92,6.94,1.0,73.26,2.5,1.75,0.75
2,2025-08-03 18:31:30,2025-08-03 18:50:58,4,2.2,1,N,230,246,1,18.4,0.0,0.5,4.63,0.0,1.0,27.78,2.5,0.0,0.75
2,2025-08-03 18:32:45,2025-08-03 18:37:14,1,1.08,1,N,141,233,1,7.2,0.0,0.5,2.39,0.0,1.0,14.34,2.5,0.0,0.75
2,2025-08-03 18:34:59,2025-08-03 18:50:39,3,2.84,1,N,163,249,1,16.3,0.0,0.5,4.21,0.0,1.0,25.26,2.5,0.0,0.75
2,2025-08-03 18:38:49,2025-08-03 18:51:42,2,4.06,1,N,138,7,1,19.1,5.0,0.5,5.12,0.0,1.0,32.47,0.0,1.75,0.0
2,2025-08-03 18:53:29,2025-08-03 19:04:07,1,2.03,1,N,229,236,1,12.1,0.0,0.5,2.53,0.0,1.0,19.38,2.5,0.0,0.75
2,2025-08-03 18:58:16,2025-08-03 19:01:22,1,1.0,1,N,100,249,1,6.5,0.0,0.5,2.25,0.0,1.0,13.5,2.5,0.0,0.75
1,2025-08-03 18:59:52,2025-08-03 19:09:52,1,1.4,1,N,164,107,1,10.0,3.25,0.5,2.95,0.0,1.0,17.7,2.5,0.0,0.75
1,2025-08-03 19:04:50,2025-08-03 19:28:37,1,8.9,1,N,138,238,2,36.6,9.25,0.5,0.0,6.94,1.0,54.29,2.5,1.75,0.0
1,2025-08-03 19:06:14,2025-08-03 19:11:26,2,0.9,1,N,43,161,1,6.5,3.25,0.5,2.25,0.0,1.0,13.5,2.5,0.0,0.75
2,2025-08-03 19:22:23,2025-08-03 19:30:11,1,1.51,1,N,142,238,1,10.7,0.0,0.5,1.47,0.0,1.0,16.17,2.5,0.0,0.0
1,2025-08-03 19:38:03,2025-08-03 19:58:45,1,7.3,1,N,132,63,1,29.6,1.75,0.5,2.0,0.0,1.0,34.85,0.0,1.75,0.0
2,2025-08-03 19:41:10,2025-08-03 20:09:38,1,6.84,1,N,238,202,1,33.8,0.0,0.5,7.71,0.0,1.0,46.26,2.5,0.0,0.75
2,2025-08-03 19:46:53,2025-08-03 20:00:33,1,1.37,1,N,246,230,1,12.8,0.0,0.5,4.39,0.0,1.0,21.94,2.5,0.0,0.75
2,2025-08-03 19:53:06,2025-08-03 20:39:56,1,16.16,1,N,132,255,1,66.7,0.0,0.5,13.64,0.0,1.0,83.59,0.0,1.75,0.0
2,2025-08-03 19:59:15,2025-08-03 20:22:53,1,11.86,1,N,138,231,1,45.0,5.0,0.5,10.95,0.0,1.0,67.45,2.5,1.75,0.75
2,2025-08-03 20:00:17,2025-08-03 20:17:21,1,2.93,1,N,233,144,1,17.7,0.0,0.5,4.49,0.0,1.0,26.94,2.5,0.0,0.75
1,2025-08-03 20:03:01,2025-08-03 20:54:23,1,19.4,2,N,132,238,1,70.0,1.75,0.5,16.05,6.94,1.0,96.24,0.0,1.75,0.0
2,2025-08-03 20:07:58,2025-08-03 20:50:08,3,15.0,1,N,132,129,1,62.5,0.0,0.5,12.8,0.0,1.0,78.55,0.0,1.75,0.0
2,2025-08-03 20:10:36,2025-08-03 20:19:56,2,1.4,1,N,113,186,1,10.7,1.0,0.5,4.11,0.0,1.0,20.56,2.5,0.0,0.75
2,2025-08-03 20:21:08,2025-08-03 20:31:44,1,2.22,1,N,163,113,1,12.8,1.0,0.5,3.71,0.0,1.0,22.26,2.5,0.0,0.75
2,2025-08-03 20:23:25,2025-08-03 20:25:59,1,0.59,1,N,246,246,1,5.1,1.0,0.5,2.17,0.0,1.0,13.02,2.5,0.0,0.75
2,2025-08-03 20:33:55,2025-08-03 20:35:21,1,0.41,1,N,262,263,2,4.4,1.0,0.5,0.0,0.0,1.0,9.4,2.5,0.0,0.0
2,2025-08-03 20:34:32,2025-08-03 20:53:15,1,8.67,1,N,138,170,1,34.5,6.0,0.5,13.05,6.94,1.0,66.99,2.5,1.75,0.75
2,2025-08-03 20:49:37,2025-08-03 21:00:08,1,1.98,1,N,170,211,1,12.1,1.0,0.5,3.57,0.0,1.0,21.42,2.5,0.0,0.75
2,2025-08-03 20:51:36,2025-08-03 20:57:13,1,1.09,1,N,234,79,1,7.9,1.0,0.5,2.73,0.0,1.0,16.38,2.5,0.0,0.75
2,2025-08-03 20:57:15,2025-08-03 21:10:55,1,1.48,1,N,48,233,1,13.5,1.0,0.5,2.5,0.0,1.0,21.75,2.5,0.0,0.75
2,2025-08-03 21:03:32,2025-08-03 21:14:35,4,1.44,1,N,107,230,1,11.4,1.0,0.5,3.43,0.0,1.0,20.58,2.5,0.0,0.75
2,2025-08-03 21:10:07,2025-08-03 21:15:03,1,0.43,1,N,48,230,1,6.5,1.0,0.5,2.45,0.0,1.0,14.7,2.5,0.0,0.75
2,2025-08-03 21:20:09,2025-08-03 21:23:40,1,1.01,1,N,137,224,2,6.5,1.0,0.5,0.0,0.0,1.0,12.25,2.5,0.0,0.75
2,2025-08-03 21:26:07,2025-08-03 21:45:50,1,3.53,1,N,48,87,1,21.2,1.0,0.5,5.0,0.0,1.0,31.95,2.5,0.0,0.75
2,2025-08-03 21:26:07,2025-08-03 21:30:52,1,0.7,1,N,230,161,2,6.5,1.0,0.5,0.0,0.0,1.0,12.25,2.5,0.0,0.75
2,2025-08-03 21:36:17,2025-08-03 21:45:00,3,1.44,1,N,50,239,1,10.0,1.0,0.5,0.0,0.0,1.0,15.75,2.5,0.0,0.75
1,2025-08-03 21:40:25,2025-08-03 21:47:43,4,0.6,1,N,48,230,2,7.9,4.25,0.5,0.0,0.0,1.0,13.65,2.5,0.0,0.75
2,2025-08-03 22:14:35,2025-08-03 22:26:03,2,1.33,1,N,163,48,1,11.4,1.0,0.5,1.0,0.0,1.0,18.15,2.5,0.0,0.75
2,2025-08-03 22:28:51,2025-08-03 22:35:12,1,0.77,1,N,68,50,1,7.9,1.0,0.5,2.73,0.0,1.0,16.38,2.5,0.0,0.75
2,2025-08-03 22:44:54,2025-08-03 23:25:03,1,14.91,1,N,132,226,1,60.4,1.0,0.5,9.7,0.0,1.0,74.35,0.0,1.75,0.0
2,2025-08-03 22:49:47,2025-08-03 22:59:29,1,1.76,1,N,164,249,1,11.4,1.0,0.5,4.29,0.0,1.0,21.44,2.5,0.0,0.75
2,2025-08-03 23:26:22,2025-08-03 23:41:59,1,2.92,1,N,141,100,1,17.0,1.0,0.5,0.0,0.0,1.0,22.75,2.5,0.0,0.75
2,2025-08-03 23:34:43,2025-08-03 23:44:00,1,1.8,1,N,234,144,1,11.4,1.0,0.5,3.43,0.0,1.0,20.58,2.5,0.0,0.75
1,2025-08-03 23:44:26,2025-08-04 00:16:15,1,16.5,2,N,132,262,1,70.0,4.25,0.5,15.15,0.0,1.0,90.9,2.5,1.75,0.0
2,2025-08-03 23:50:20,2025-08-04 00:07:53,1,9.33,1,N,70,49,1,36.6,1.0,0.5,7.82,0.0,1.0,46.92,0.0,0.0,0.0
2,2025-08-03 23:50:56,2025-08-03 23:53:49,1,1.08,1,N,263,140,1,6.5,1.0,0.5,1.0,0.0,1.0,12.5,2.5,0.0,0.0
2,2025-08-03 23:53:29,2025-08-04 00:23:40,4,19.65,2,N,132,141,1,70.0,0.0,0.5,16.19,6.94,1.0,98.88,2.5,1.75,0.0
2,2025-08-04 00:05:11,2025-08-04 00:18:02,1,2.71,1,N,161,249,1,14.9,1.0,0.5,2.0,0.0,1.0,22.65,2.5,0.0,0.75
2,2025-08-04 00:14:25,2025-08-04 00:27:31,1,9.14,1,N,53,4,1,35.2,1.0,0.5,8.19,0.0,1.0,49.14,2.5,0.0,0.75
2,2025-08-04 00:39:14,2025-08-04 01:00:49,1,8.13,1,N,138,151,1,35.2,6.0,0.5,9.93,6.94,1.0,61.32,0.0,1.75,0.0
2,2025-08-04 00:43:24,2025-08-04 01:00:43,6,7.7,1,N,138,80,1,32.4,6.0,0.5,8.33,0.0,1.0,49.98,0.0,1.75,0.0
2,2025-08-04 00:47:42,2025-08-04 00:51:55,1,0.73,1,N,263,236,1,6.5,1.0,0.5,2.3,0.0,1.0,13.8,2.5,0.0,0.0
2,2025-08-04 03:10:19,2025-08-04 03:24:48,1,1.01,1,N,230,161,1,13.5,1.0,0.5,3.0,0.0,1.0,22.25,2.5,0.0,0.75
2,2025-08-04 03:25:34,2025-08-04 03:38:01,1,3.08,1,N,164,87,1,15.6,1.0,0.5,2.0,0.0,1.0,23.35,2.5,0.0,0.75
1,2025-08-04 03:55:50,2025-08-04 04:01:44,1,1.7,1,N,60,235,3,9.3,1.0,0.5,0.0,0.0,1.0,11.8,0.0,0.0,0.0
1,2025-08-04 04:20:08,2025-08-04 04:59:22,1,10.0,1,N,246,72,1,41.5,4.25,0.5,0.0,0.0,1.0,47.25,2.5,0.0,0.75
2,2025-08-04 05:04:25,2025-08-04 05:14:26,2,1.89,1,N,142,140,1,12.8,1.0,0.5,3.56,0.0,1.0,21.36,2.5,0.0,0.0
1,2025-08-04 05:29:35,2025-08-04 05:55:22,1,11.8,99,N,242,197,1,40.5,0.0,0.5,0.0,6.94,0.0,47.94,0.0,0.0,0.0
2,2025-08-04 06:03:21,2025-08-04 06:11:21,1,2.33,1,N,234,163,1,12.1,0.0,0.5,3.37,0.0,1.0,20.22,2.5,0.0,0.75
2,2025-08-04 06:29:04,2025-08-04 06:35:37,1,0.69,1,N,141,140,1,7.9,0.0,0.5,2.98,0.0,1.0,14.88,2.5,0.0,0.0
2,2025-08-04 07:17:59,2025-08-04 07:21:11,1,0.65,1,N,262,140,1,5.8,0.0,0.5,1.96,0.0,1.0,11.76,2.5,0.0,0.0
1,2025-08-04 07:33:10,2025-08-04 07:43:55,1,3.0,1,N,75,162,1,14.9,3.25,0.5,1.35,0.0,1.0,21.0,2.5,0.0,0.75
2,2025-08-04 08:00:39,2025-08-04 08:15:07,2,1.84,1,N,186,229,1,14.2,0.0,0.5,3.79,0.0,1.0,22.74,2.5,0.0,0.75
2,2025-08-04 08:01:15,2025-08-04 08:04:31,1,0.72,1,N,237,161,1,5.8,0.0,0.5,2.0,0.0,1.0,12.55,2.5,0.0,0.75
2,2025-08-04 08:04:01,2025-08-04 08:26:02,1,7.63,1,N,141,13,1,35.2,0.0,0.5,7.99,0.0,1.0,47.94,2.5,0.0,0.75
2,2025-08-04 08:25:40,2025-08-04 08:56:14,1,9.84,1,N,234,138,1,43.6,5.0,0.5,12.06,6.94,1.0,72.35,2.5,0.0,0.75
1,2025-08-04 08:35:27,2025-08-04 08:44:24,2,1.3,1,N,90,164,1,10.0,3.25,0.5,2.95,0.0,1.0,17.7,2.5,0.0,0.75
2,2025-08-04 08:38:30,2025-08-04 08:42:42,1,0.67,1,N,41,41,2,6.5,0.0,0.5,0.0,0.0,1.0,8.0,0.0,0.0,0.0
1,2025-08-04 08:43:21,2025-08-04 09:36:58,1,6.4,99,N,80,162,1,27.5,0.0,0.5,0.0,0.0,0.0,28.0,0.0,0.0,0.0
2,2025-08-04 08:51:19,2025-08-04 09:01:39,1,2.13,1,N,125,246,1,12.8,0.0,0.5,3.51,0.0,1.0,21.06,2.5,0.0,0.75
2,2025-08-04 08:52:04,2025-08-04 09:17:19,4,4.76,1,N,100,261,1,26.8,0.0,0.5,6.31,0.0,1.0,37.86,2.5,0.0,0.75
2,2025-08-04 08:53:29,2025-08-04 09:11:47,1,2.51,1,N,246,163,1,18.4,0.0,0.5,2.0,0.0,1.0,25.15,2.5,0.0,0.75
2,2025-08-04 08:53:46,2025-08-04 09:08:26,1,0.69,1,N,229,163,1,12.8,0.0,0.5,3.51,0.0,1.0,21.06,2.5,0.0,0.75
1,2025-08-04 08:54:00,2025-08-04 09:36:02,1,7.2,99,N,87,198,1,32.5,0.0,0.5,0.0,0.0,0.0,33.0,0.0,0.0,0.0
1,2025-08-04 09:04:10,2025-08-04 09:26:59,1,3.2,1,N,229,238,1,19.8,3.25,0.5,4.91,0.0,1.0,29.46,2.5,0.0,0.75
2,2025-08-04 09:07:05,2025-08-04 09:29:14,1,3.42,1,N,163,158,1,21.9,0.0,0.5,5.33,0.0,1.0,31.98,2.5,0.0,0.75
2,2025-08-04 09:07:32,2025-08-04 09:10:17,2,0.55,1,N,230,48,1,5.1,0.0,0.5,1.97,0.0,1.0,11.82,2.5,0.0,0.75
1,2025-08-04 09:18:28,2025-08-04 09:29:41,1,0.8,99,N,71,72,1,16.5,0.0,0.5,0.0,0.0,0.0,17.0,0.0,0.0,0.0
2,2025-08-04 09:31:17,2025-08-04 09:41:48,1,1.39,1,N,107,161,1,11.4,0.0,0.5,3.23,0.0,1.0,19.38,2.5,0.0,0.75
2,2025-08-04 09:35:22,2025-08-04 09:46:03,1,2.44,1,N,41,237,2,13.5,0.0,0.5,0.0,0.0,1.0,17.5,2.5,0.0,0.0
1,2025-08-04 09:41:02,2025-08-04 09:47:57,1,1.1,1,N,143,239,1,7.9,3.25,0.5,2.55,0.0,1.0,15.2,2.5,0.0,0.75
2,2025-08-04 09:45:11,2025-08-04 09:59:24,1,1.47,1,N,170,237,1,14.2,0.0,0.5,3.79,0.0,1.0,22.74,2.5,0.0,0.75
2,2025-08-04 09:54:31,2025-08-04 09:57:27,1,0.82,1,N,239,43,1,5.8,0.0,0.5,1.96,0.0,1.0,11.76,2.5,0.0,0.0
2,2025-08-04 09:58:40,2025-08-04 10:10:35,1,1.59,1,N,186,113,1,12.1,0.0,0.5,3.37,0.0,1.0,20.22,2.5,0.0,0.75
1,2025-08-04 10:15:39,2025-08-04 11:24:00,1,11.9,99,N,215,89,1,37.5,0.0,0.5,0.0,0.0,0.0,38.0,0.0,0.0,0.0
2,2025-08-04 10:20:08,2025-08-04 10:31:50,2,1.69,1,N,186,233,1,12.1,0.0,0.5,3.37,0.0,1.0,20.22,2.5,0.0,0.75
2,2025-08-04 10:22:35,2025-08-04 10:39:27,1,1.51,1,N,230,164,2,15.6,0.0,0.5,0.0,0.0,1.0,20.35,2.5,0.0,0.75
2,2025-08-04 10:23:57,2025-08-04 10:45:57,1,2.73,1,N,24,263,1,21.2,0.0,0.5,5.04,0.0,1.0,30.24,2.5,0.0,0.0
2,2025-08-04 10:30:24,2025-08-04 10:37:15,2,0.95,1,N,113,79,1,7.9,0.0,0.5,2.53,0.0,1.0,15.18,2.5,0.0,0.75
1,2025-08-04 10:40:34,2025-08-04 10:49:33,1,1.2,1,N,238,142,1,10.0,2.5,0.5,3.5,0.0,1.0,17.5,2.5,0.0,0.0
2,2025-08-04 10:46:02,2025-08-04 10:55:42,1,1.14,1,N,161,100,2,10.0,0.0,0.5,0.0,0.0,1.0,14.75,2.5,0.0,0.75
1,2025-08-04 10:49:24,2025-08-04 11:21:04,1,4.2,1,N,246,236,1,28.9,3.25,0.5,6.75,0.0,1.0,40.4,2.5,0.0,0.75
2,2025-08-04 10:53:02,2025-08-04 11:05:42,1,1.83,1,N,238,230,1,13.5,0.0,0.5,3.65,0.0,1.0,21.9,2.5,0.0,0.75
2,2025-08-04 10:56:14,2025-08-04 11:05:07,1,1.06,1,N,262,75,1,10.0,0.0,0.5,3.5,0.0,1.0,17.5,2.5,0.0,0.0
2,2025-08-04 11:13:38,2025-08-04 11:15:57,1,0.16,1,N,142,142,2,4.4,0.0,0.5,0.0,0.0,1.0,8.4,2.5,0.0,0.0
2,2025-08-04 11:19:29,2025-08-04 11:25:02,1,0.59,1,N,237,140,1,6.5,0.0,0.5,2.1,0.0,1.0,12.6,2.5,0.0,0.0
2,2025-08-04 11:23:04,2025-08-04 11:28:04,1,0.78,1,N,142,163,4,7.2,0.0,0.5,0.0,0.0,1.0,11.95,2.5,0.0,0.75
2,2025-08-04 11:38:16,2025-08-04 12:13:31,1,8.92,1,N,237,138,2,42.2,5.0,0.5,0.0,0.0,1.0,51.95,2.5,0.0,0.75
2,2025-08-04 11:40:50,2025-08-04 11:55:09,2,0.91,1,N,237,140,2,12.8,0.0,0.5,0.0,0.0,1.0,16.8,2.5,0.0,0.0
2,2025-08-04 11:45:03,2025-08-04 11:48:54,1,0.55,1,N,137,170,2,5.8,0.0,0.5,0.0,0.0,1.0,10.55,2.5,0.0,0.75
2,2025-08-04 11:47:14,2025-08-04 11:56:51,1,1.66,1,N,142,162,2,11.4,0.0,0.5,0.0,0.0,1.0,16.15,2.5,0.0,0.75
2,2025-08-04 11:48:51,2025-08-04 12:05:59,1,1.95,1,N,170,43,1,17.0,0.0,0.5,4.35,0.0,1.0,26.1,2.5,0.0,0.75
2,2025-08-04 11:59:29,2025-08-04 12:05:38,2,1.29,1,N,158,246,1,9.3,0.0,0.5,2.81,0.0,1.0,16.86,2.5,0.0,0.75
2,2025-08-04 12:00:19,2025-08-04 12:14:48,1,1.09,1,N,163,237,1,13.5,0.0,0.5,3.65,0.0,1.0,21.9,2.5,0.0,0.75
2,2025-08-04 12:04:59,2025-08-04 12:16:55,1,1.69,1,N,142,100,2,12.8,0.0,0.5,0.0,0.0,1.0,17.55,2.5,0.0,0.75
2,2025-08-04 12:14:47,2025-08-04 12:34:59,1,2.36,1,N,116,42,2,18.4,0.0,0.5,0.0,0.0,1.0,19.9,0.0,0.0,0.0
2,2025-08-04 12:18:04,2025-08-04 12:22:20,6,0.73,1,N,79,224,1,6.5,0.0,0.5,2.25,0.0,1.0,13.5,2.5,0.0,0.75
2,2025-08-04 12:20:31,2025-08-04 12:37:42,2,1.39,1,N,161,246,1,15.6,0.0,0.5,4.07,0.0,1.0,24.42,2.5,0.0,0.75
2,2025-08-04 12:21:55,2025-08-04 12:29:37,1,2.8,1,N,262,229,1,14.2,0.0,0.5,3.79,0.0,1.0,22.74,2.5,0.0,0.75
2,2025-08-04 12:24:06,2025-08-04 12:36:37,1,2.22,1,N,142,236,1,14.2,0.0,0.5,3.64,0.0,1.0,21.84,2.5,0.0,0.0
2,2025-08-04 12:31:18,2025-08-04 12:45:15,1,1.89,1,N,237,239,1,14.2,0.0,0.5,2.0,0.0,1.0,20.2,2.5,0.0,0.0
2,2025-08-04 12:39:18,2025-08-04 12:47:47,1,1.04,1,N,161,164,2,9.3,0.0,0.5,0.0,0.0,1.0,14.05,2.5,0.0,0.75
2,2025-08-04 12:48:11,2025-08-04 13:17:03,1,4.56,1,N,231,237,1,28.9,0.0,0.5,6.0,0.0,1.0,39.65,2.5,0.0,0.75
1,2025-08-04 12:53:14,2025-08-04 13:13:04,1,2.7,1,N,186,231,1,18.4,3.25,0.5,4.65,0.0,1.0,27.8,2.5,0.0,0.75
1,2025-08-04 12:56:21,2025-08-04 13:07:07,1,1.9,1,N,162,236,2,11.4,3.25,0.5,0.0,0.0,1.0,16.15,2.5,0.0,0.75
1,2025-08-04 12:58:56,2025-08-04 13:15:27,1,1.1,1,N,230,234,2,14.2,3.25,0.5,0.0,0.0,1.0,18.95,2.5,0.0,0.75
2,2025-08-04 12:59:27,2025-08-04 13:22:22,1,2.34,1,N,186,237,1,19.8,0.0,0.5,4.91,0.0,1.0,29.46,2.5,0.0,0.75
2,2025-08-04 13:03:15,2025-08-04 13:11:50,1,1.13,1,N,113,164,1,10.0,0.0,0.5,2.95,0.0,1.0,17.7,2.5,0.0,0.75
2,2025-08-04 13:08:52,2025-08-04 13:31:20,1,3.21,1,N,239,164,1,21.9,0.0,0.5,5.33,0.0,1.0,31.98,2.5,0.0,0.75
2,2025-08-04 13:13:06,2025-08-04 13:26:05,1,4.21,1,N,74,233,1,19.8,0.0,0.5,3.0,0.0,1.0,26.8,2.5,0.0,0.0
2,2025-08-04 13:14:03,2025-08-04 13:23:46,6,1.1,1,N,164,233,2,10.0,0.0,0.5,0.0,0.0,1.0,14.75,2.5,0.0,0.75
1,2025-08-04 13:17:39,2025-08-04 13:34:50,2,1.1,1,N,100,48,4,14.9,4.25,0.5,0.0,0.0,1.0,20.65,2.5,0.0,0.75
2,2025-08-04 13:28:48,2025-08-04 13:43:26,2,1.32,1,N,230,143,1,13.5,0.0,0.5,3.65,0.0,1.0,21.9,2.5,0.0,0.75
2,2025-08-04 13:39:49,2025-08-04 14:55:49,1,22.15,2,N,142,132,1,70.0,0.0,0.5,16.34,6.94,1.0,98.03,2.5,0.0,0.75
1,2025-08-04 13:41:39,2025-08-04 13:57:24,1,2.0,1,N,236,161,3,14.2,3.25,0.5,0.0,0.0,1.0,18.95,2.5,0.0,0.75
2,2025-08-04 13:54:09,2025-08-04 14:09:31,1,5.43,1,N,87,48,2,24.7,0.0,0.5,0.0,0.0,1.0,29.45,2.5,0.0,0.75
1,2025-08-04 14:04:53,2025-08-04 14:17:22,1,1.8,1,N,164,246,1,12.1,3.25,0.5,3.35,0.0,1.0,20.2,2.5,0.0,0.75
2,2025-08-04 14:10:58,2025-08-04 14:18:17,1,0.87,1,N,158,125,1,7.9,0.0,0.5,1.0,0.0,1.0,13.65,2.5,0.0,0.75
1,2025-08-04 14:12:29,2025-08-04 14:21:56,1,1.3,1,N,141,142,2,9.3,2.5,0.5,0.0,0.0,1.0,13.3,2.5,0.0,0.0
2,2025-08-04 14:25:47,2025-08-04 14:57:50,4,12.01,1,N,138,87,1,49.9,5.0,0.5,13.32,6.94,1.0,81.66,2.5,1.75,0.75
2,2025-08-04 14:46:21,2025-08-04 15:01:57,3,2.44,1,N,144,186,1,16.3,0.0,0.5,5.26,0.0,1.0,26.31,2.5,0.0,0.75
1,2025-08-04 14:57:38,2025-08-04 15:11:19,1,2.5,1,N,75,142,1,14.9,2.5,0.5,1.5,0.0,1.0,20.4,2.5,0.0,0.0
2,2025-08-04 14:59:23,2025-08-04 15:00:55,1,0.38,1,N,48,48,1,4.4,0.0,0.5,2.29,0.0,1.0,11.44,2.5,0.0,0.75
2,2025-08-04 15:03:16,2025-08-04 15:10:26,1,0.84,1,N,142,161,1,7.9,0.0,0.5,0.0,0.0,1.0,12.65,2.5,0.0,0.75
2,2025-08-04 15:20:29,2025-08-04 15:34:59,1,2.87,1,N,144,100,1,16.3,0.0,0.5,3.0,0.0,1.0,24.05,2.5,0.0,0.75
2,2025-08-04 15:23:56,2025-08-04 15:26:37,1,0.58,1,N,24,238,1,5.1,0.0,0.5,1.82,0.0,1.0,10.92,2.5,0.0,0.0
2,2025-08-04 15:25:02,2025-08-04 15:45:59,4,4.82,1,N,87,186,4,25.4,0.0,0.5,0.0,0.0,1.0,30.15,2.5,0.0,0.75
2,2025-08-04 15:38:15,2025-08-04 15:48:59,1,1.46,1,N,237,142,1,11.4,0.0,0.5,4.84,0.0,1.0,20.99,2.5,0.0,0.75
2,2025-08-04 15:39:22,2025-08-04 15:44:56,2,0.53,1,N,161,237,1,7.2,0.0,0.5,2.39,0.0,1.0,14.34,2.5,0.0,0.75
2,2025-08-04 15:39:22,2025-08-04 17:00:39,1,17.25,2,N,132,230,1,70.0,0.0,0.5,16.69,6.94,1.0,100.13,2.5,1.75,0.75
2,2025-08-04 15:43:02,2025-08-04 15:56:00,1,2.49,1,N,170,144,1,14.9,0.0,0.5,3.0,0.0,1.0,22.65,2.5,0.0,0.75
2,2025-08-04 15:45:24,2025-08-04 16:40:48,4,17.01,2,N,132,68,2,70.0,0.0,0.5,0.0,6.94,1.0,83.44,2.5,1.75,0.75
2,2025-08-04 15:47:51,2025-08-04 16:54:23,1,16.67,2,N,132,107,1,70.0,0.0,0.5,16.34,6.94,1.0,99.78,2.5,1.75,0.75
2,2025-08-04 16:25:46,2025-08-04 16:32:00,1,1.49,1,N,142,238,1,9.3,2.5,0.5,2.0,0.0,1.0,17.8,2.5,0.0,0.0
1,2025-08-04 16:31:07,2025-08-04 17:41:08,1,17.3,2,N,132,164,1,70.0,10.0,0.5,17.7,6.94,1.0,106.14,2.5,1.75,0.75
2,2025-08-04 16:37:21,2025-08-04 16:47:50,1,2.1,1,N,68,142,1,12.8,2.5,0.5,10.95,0.0,1.0,31.0,2.5,0.0,0.75
2,2025-08-04 16:51:47,2025-08-04 17:02:56,1,1.66,1,N,186,163,2,12.1,2.5,0.5,0.0,0.0,1.0,19.35,2.5,0.0,0.75
1,2025-08-04 16:52:33,2025-08-04 16:56:44,1,0.5,1,N,237,43,2,5.8,5.75,0.5,0.0,0.0,1.0,13.05,2.5,0.0,0.75
2,2025-08-04 16:52:52,2025-08-04 17:17:00,1,3.01,1,N,230,145,1,23.3,2.5,0.5,6.11,0.0,1.0,36.66,2.5,0.0,0.75
1,2025-08-04 17:04:20,2025-08-04 17:22:19,1,2.3,1,N,162,239,1,16.3,5.75,0.5,5.9,0.0,1.0,29.45,2.5,0.0,0.75
1,2025-08-04 17:09:20,2025-08-04 17:23:17,1,1.1,1,N,246,164,1,12.8,5.75,0.5,5.0,0.0,1.0,25.05,2.5,0.0,0.75
2,2025-08-04 17:13:42,2025-08-04 17:21:19,1,0.88,1,N,163,230,1,8.6,2.5,0.5,3.17,0.0,1.0,19.02,2.5,0.0,0.75
2,2025-08-04 17:15:58,2025-08-04 17:22:47,1,1.52,1,N,68,50,1,9.3,2.5,0.5,1.0,0.0,1.0,17.55,2.5,0.0,0.75
2,2025-08-04 17:22:33,2025-08-04 17:28:30,1,1.17,1,N,237,263,1,8.6,2.5,0.5,3.02,0.0,1.0,18.12,2.5,0.0,0.0
2,2025-08-04 17:25:09,2025-08-04 17:46:48,2,6.37,1,N,132,180,1,27.5,2.5,0.5,8.31,0.0,1.0,41.56,0.0,1.75,0.0
2,2025-08-04 17:26:01,2025-08-04 17:40:21,1,1.42,1,N,170,164,1,13.5,2.5,0.5,4.15,0.0,1.0,24.9,2.5,0.0,0.75
2,2025-08-04 17:28:04,2025-08-04 17:39:44,1,2.18,1,N,162,114,1,12.8,2.5,0.5,4.01,0.0,1.0,24.06,2.5,0.0,0.75
1,2025-08-04 17:28:23,2025-08-04 17:36:31,1,0.6,1,N,163,161,1,8.6,5.75,0.5,3.17,0.0,1.0,19.02,2.5,0.0,0.75
2,2025-08-04 17:28:34,2025-08-04 17:35:15,1,1.46,1,N,162,236,2,10.0,2.5,0.5,0.0,0.0,1.0,17.25,2.5,0.0,0.75
2,2025-08-04 17:30:21,2025-08-04 17:36:22,1,0.93,1,N,211,249,1,7.9,2.5,0.5,3.03,0.0,1.0,18.18,2.5,0.0,0.75
2,2025-08-04 17:37:00,2025-08-04 17:47:26,2,1.12,1,N,186,230,1,10.7,2.5,0.5,3.59,0.0,1.0,21.54,2.5,0.0,0.75
2,2025-08-04 17:38:19,2025-08-04 17:47:42,1,1.43,1,N,211,79,1,10.7,2.5,0.5,0.0,0.0,1.0,17.95,2.5,0.0,0.75
2,2025-08-04 17:38:50,2025-08-04 17:52:41,1,1.54,1,N,237,164,1,14.2,2.5,0.5,2.0,0.0,1.0,23.45,2.5,0.0,0.75
2,2025-08-04 17:46:31,2025-08-04 18:02:37,3,2.98,1,N,229,145,2,18.4,2.5,0.5,0.0,0.0,1.0,25.65,2.5,0.0,0.75
2,2025-08-04 17:55:36,2025-08-04 18:07:35,1,2.72,1,N,114,246,1,14.9,2.5,0.5,4.0,0.0,1.0,26.15,2.5,0.0,0.75
2,2025-08-04 18:08:03,2025-08-04 18:14:09,1,0.87,1,N,234,90,1,7.9,2.5,0.5,3.03,0.0,1.0,18.18,2.5,0.0,0.75
1,2025-08-04 18:10:19,2025-08-04 18:19:18,1,1.4,1,N,107,162,1,10.7,5.75,0.5,2.5,0.0,1.0,20.45,2.5,0.0,0.75
2,2025-08-04 18:19:03,2025-08-04 18:23:32,2,0.48,1,N,142,142,1,5.8,2.5,0.5,3.7,0.0,1.0,18.5,2.5,0.0,0.0
1,2025-08-04 18:28:06,2025-08-04 18:35:09,1,0.9,1,N,142,162,1,7.9,5.75,0.5,3.8,0.0,1.0,18.95,2.5,0.0,0.75
2,2025-08-04 18:44:34,2025-08-04 19:40:44,2,14.3,1,N,132,7,1,68.8,2.5,0.5,5.0,0.0,1.0,79.55,0.0,1.75,0.0
2,2025-08-04 18:53:09,2025-08-04 19:00:36,1,1.18,1,N,238,143,1,9.3,2.5,0.5,2.2,0.0,1.0,18.0,2.5,0.0,0.0
2,2025-08-04 18:54:37,2025-08-04 18:55:50,1,0.4,1,N,229,140,1,3.7,2.5,0.5,2.19,0.0,1.0,13.14,2.5,0.0,0.75
2,2025-08-04 19:02:10,2025-08-04 19:06:39,1,1.03,1,N,239,236,1,7.2,2.5,0.5,2.0,0.0,1.0,15.7,2.5,0.0,0.0
2,2025-08-04 19:15:51,2025-08-04 19:29:29,1,2.71,1,N,231,68,1,15.6,2.5,0.5,4.57,0.0,1.0,27.42,2.5,0.0,0.75
1,2025-08-04 19:15:56,2025-08-04 19:20:31,1,0.7,1,N,140,262,1,6.5,5.0,0.5,0.01,0.0,1.0,13.01,2.5,0.0,0.0
2,2025-08-04 19:16:27,2025-08-04 19:28:30,3,1.63,1,N,68,107,1,12.8,2.5,0.5,4.01,0.0,1.0,24.06,2.5,0.0,0.75
2,2025-08-04 19:23:42,2025-08-04 19:24:48,1,0.42,1,N,68,246,1,4.4,2.5,0.5,0.0,0.0,1.0,11.65,2.5,0.0,0.75
2,2025-08-04 19:30:29,2025-08-04 19:32:29,1,0.59,1,N,50,143,1,5.1,2.5,0.5,1.85,0.0,1.0,14.2,2.5,0.0,0.75
2,2025-08-04 19:42:18,2025-08-04 19:51:22,1,1.5,1,N,107,164,1,10.7,2.5,0.5,3.59,0.0,1.0,21.54,2.5,0.0,0.75
2,2025-08-04 19:44:09,2025-08-04 19:59:29,1,2.47,1,N,161,249,1,15.6,2.5,0.5,2.15,0.0,1.0,25.0,2.5,0.0,0.75
2,2025-08-04 19:51:13,2025-08-04 20:06:20,1,3.42,1,N,50,263,1,19.1,2.5,0.5,5.27,0.0,1.0,31.62,2.5,0.0,0.75
2,2025-08-04 20:02:38,2025-08-04 20:07:02,1,1.4,1,N,229,263,1,7.9,1.0,0.5,4.09,0.0,1.0,17.74,2.5,0.0,0.75
2,2025-08-04 20:05:47,2025-08-04 20:31:09,1,6.19,1,N,100,255,1,31.7,1.0,0.5,11.1,6.94,1.0,55.49,2.5,0.0,0.75
2,2025-08-04 20:18:36,2025-08-04 20:33:03,1,3.01,1,N,141,238,1,17.0,1.0,0.5,4.4,0.0,1.0,26.4,2.5,0.0,0.0
2,2025-08-04 20:19:12,2025-08-04 20:40:06,1,3.45,1,N,237,144,1,21.2,1.0,0.5,2.7,0.0,1.0,29.65,2.5,0.0,0.75
1,2025-08-04 20:27:29,2025-08-04 20:35:07,1,1.7,1,N,237,236,1,10.7,3.5,0.5,3.1,0.0,1.0,18.8,2.5,0.0,0.0
2,2025-08-04 20:27:34,2025-08-04 20:34:42,1,1.55,1,N,163,236,1,10.0,1.0,0.5,3.15,0.0,1.0,18.9,2.5,0.0,0.75
2,2025-08-04 20:32:22,2025-08-04 20:41:09,1,1.94,1,N,100,107,1,10.7,1.0,0.5,3.29,0.0,1.0,19.74,2.5,0.0,0.75
1,2025-08-04 20:42:51,2025-08-04 21:06:23,1,6.0,1,N,164,255,1,27.5,4.25,0.5,8.05,6.94,1.0,48.24,2.5,0.0,0.75
2,2025-08-04 20:44:11,2025-08-04 20:58:11,1,1.73,1,N,68,161,1,13.5,1.0,0.5,3.85,0.0,1.0,23.1,2.5,0.0,0.75
1,2025-08-04 20:51:47,2025-08-04 20:57:07,1,0.6,1,N,230,68,1,6.5,4.25,0.5,3.7,0.0,1.0,15.95,2.5,0.0,0.75
2,2025-08-04 20:59:57,2025-08-04 21:13:31,1,2.77,1,N,231,137,1,15.6,1.0,0.5,2.0,0.0,1.0,23.35,2.5,0.0,0.75
2,2025-08-04 21:01:17,2025-08-04 21:07:24,1,0.73,1,N,186,161,1,7.9,1.0,0.5,2.73,0.0,1.0,16.38,2.5,0.0,0.75
2,2025-08-04 21:09:12,2025-08-04 21:14:07,1,1.05,1,N,234,113,2,7.9,1.0,0.5,0.0,0.0,1.0,13.65,2.5,0.0,0.75
2,2025-08-04 21:11:48,2025-08-04 21:26:39,2,2.37,1,N,236,238,1,15.6,1.0,0.5,2.06,0.0,1.0,22.66,2.5,0.0,0.0
2,2025-08-04 21:23:18,2025-08-04 21:29:48,1,0.9,1,N,43,48,1,7.9,1.0,0.5,3.41,0.0,1.0,17.06,2.5,0.0,0.75
2,2025-08-04 21:26:58,2025-08-04 21:32:16,1,1.31,1,N,229,263,1,7.9,1.0,0.5,2.0,0.0,1.0,15.65,2.5,0.0,0.75
2,2025-08-04 21:27:19,2025-08-04 21:39:49,1,2.24,1,N,68,158,1,13.5,1.0,0.5,2.0,0.0,1.0,21.25,2.5,0.0,0.75
1,2025-08-04 21:32:54,2025-08-04 21:42:47,1,1.9,1,N,164,249,1,10.7,4.25,0.5,3.3,0.0,1.0,19.75,2.5,0.0,0.75
2,2025-08-04 21:39:59,2025-08-04 22:09:13,1,10.14,1,N,186,223,1,44.3,1.0,0.5,5.0,0.0,1.0,55.05,2.5,0.0,0.75
2,2025-08-04 21:49:16,2025-08-04 22:02:13,1,1.44,1,N,107,230,2,13.5,1.0,0.5,0.0,0.0,1.0,19.25,2.5,0.0,0.75
2,2025-08-04 21:53:25,2025-08-04 22:03:29,1,2.24,1,N,239,237,1,12.8,1.0,0.5,3.56,0.0,1.0,21.36,2.5,0.0,0.0
2,2025-08-04 21:55:40,2025-08-04 22:03:55,1,0.96,1,N,186,137,1,9.3,1.0,0.5,3.01,0.0,1.0,18.06,2.5,0.0,0.75
1,2025-08-04 22:12:01,2025-08-04 22:18:45,1,1.1,1,N,249,79,1,7.2,4.25,0.5,1.0,0.0,1.0,13.95,2.5,0.0,0.75
2,2025-08-04 22:20:05,2025-08-04 22:28:35,1,1.67,1,N,163,234,1,10.7,1.0,0.5,3.29,0.0,1.0,19.74,2.5,0.0,0.75
1,2025-08-04 22:31:49,2025-08-04 22:53:16,2,5.1,1,N,231,236,1,25.4,4.25,0.5,5.0,0.0,1.0,36.15,2.5,0.0,0.75
2,2025-08-04 22:43:33,2025-08-04 23:14:28,1,17.26,2,N,132,107,1,70.0,0.0,0.5,16.34,6.94,1.0,99.78,2.5,1.75,0.75
1,2025-08-04 22:56:11,2025-08-04 23:06:48,1,2.7,1,N,249,50,1,14.2,4.25,0.5,0.0,0.0,1.0,19.95,2.5,0.0,0.75
2,2025-08-04 22:57:17,2025-08-04 23:07:32,1,2.26,1,N,107,141,1,12.8,1.0,0.5,3.0,0.0,1.0,21.55,2.5,0.0,0.75
2,2025-08-05 00:00:03,2025-08-05 00:18:42,1,11.74,1,N,132,260,4,44.3,1.0,0.5,0.0,0.0,1.0,46.8,0.0,0.0,0.0
2,2025-08-05 00:08:18,2025-08-05 00:24:00,1,4.28,1,N,114,141,1,19.8,1.0,0.5,5.11,0.0,1.0,30.66,2.5,0.0,0.75
2,2025-08-05 00:18:37,2025-08-05 00:29:50,3,2.99,1,N,158,161,1,14.9,1.0,0.5,4.13,0.0,1.0,24.78,2.5,0.0,0.75
1,2025-08-05 00:54:40,2025-08-05 01:08:27,1,1.7,1,N,161,162,1,12.8,4.25,0.5,3.7,0.0,1.0,22.25,2.5,0.0,0.75
2,2025-08-05 01:02:13,2025-08-05 01:15:41,2,4.38,1,N,68,75,1,19.8,1.0,0.5,5.11,0.0,1.0,30.66,2.5,0.0,0.75
2,2025-08-05 01:49:04,2025-08-05 02:28:06,1,28.29,1,N,132,33,1,102.4,1.0,0.5,20.98,0.0,1.0,127.63,0.0,1.75,0.0
2,2025-08-05 05:17:17,2025-08-05 05:35:53,1,6.02,1,N,90,166,1,27.5,1.0,0.5,2.0,0.0,1.0,35.25,2.5,0.0,0.75
2,2025-08-05 06:10:24,2025-08-05 06:16:21,1,1.13,1,N,48,161,1,7.9,0.0,0.5,2.53,0.0,1.0,15.18,2.5,0.0,0.75
2,2025-08-05 06:44:22,2025-08-05 06:50:27,1,1.3,1,N,186,161,1,8.6,0.0,0.5,3.34,0.0,1.0,16.69,2.5,0.0,0.75
2,2025-08-05 06:50:21,2025-08-05 06:53:41,1,0.4,1,N,140,237,1,5.1,0.0,0.5,1.82,0.0,1.0,10.92,2.5,0.0,0.0
2,2025-08-05 07:46:19,2025-08-05 08:14:49,1,4.5,1,N,231,237,1,27.5,0.0,0.5,8.06,0.0,1.0,40.31,2.5,0.0,0.75
1,2025-08-05 07:52:30,2025-08-05 08:07:41,1,3.3,1,N,140,74,1,17.0,2.5,0.5,4.2,0.0,1.0,25.2,2.5,0.0,0.0
2,2025-08-05 08:01:57,2025-08-05 08:06:24,1,0.4,1,N,68,246,1,5.8,0.0,0.5,2.11,0.0,1.0,12.66,2.5,0.0,0.75
2,2025-08-05 08:03:14,2025-08-05 08:18:20,1,1.8,1,N,161,233,1,14.9,0.0,0.5,3.93,0.0,1.0,23.58,2.5,0.0,0.75
2,2025-08-05 08:07:56,2025-08-05 08:22:15,1,8.16,1,N,262,261,1,31.7,0.0,0.5,6.0,0.0,1.0,42.45,2.5,0.0,0.75
2,2025-08-05 08:12:34,2025-08-05 08:26:17,1,1.45,1,N,48,161,1,13.5,0.0,0.5,5.0,0.0,1.0,23.25,2.5,0.0,0.75
1,2025-08-05 08:16:09,2025-08-05 08:22:42,1,0.7,1,N,79,113,1,7.2,3.25,0.5,2.4,0.0,1.0,14.35,2.5,0.0,0.75
2,2025-08-05 08:29:16,2025-08-05 08:46:00,1,1.25,1,N,229,140,1,14.9,0.0,0.5,5.89,0.0,1.0,25.54,2.5,0.0,0.75
2,2025-08-05 08:30:01,2025-08-05 08:45:13,1,2.74,1,N,151,237,1,16.3,0.0,0.5,2.5,0.0,1.0,22.8,2.5,0.0,0.0
1,2025-08-05 08:49:39,2025-08-05 08:57:22,1,0.4,1,N,186,164,1,7.9,3.25,0.5,0.0,0.0,1.0,12.65,2.5,0.0,0.75
1,2025-08-05 09:04:18,2025-08-05 09:17:59,1,1.4,1,N,233,234,1,13.5,3.25,0.5,3.65,0.0,1.0,21.9,2.5,0.0,0.75
1,2025-08-05 09:07:29,2025-08-05 10:38:45,1,17.4,99,N,122,170,1,44.5,0.0,0.5,0.0,6.94,0.0,51.94,0.0,0.0,0.0
2,2025-08-05 09:12:20,2025-08-05 09:58:20,1,8.65,1,N,144,41,1,48.5,0.0,0.5,13.31,0.0,1.0,66.56,2.5,0.0,0.75
2,2025-08-05 09:14:53,2025-08-05 09:46:32,1,3.8,1,N,24,161,1,28.9,0.0,0.5,6.73,0.0,1.0,40.38,2.5,0.0,0.75
2,2025-08-05 09:29:39,2025-08-05 09:39:18,2,1.77,1,N,263,239,2,11.4,0.0,0.5,0.0,0.0,1.0,15.4,2.5,0.0,0.0
2,2025-08-05 09:38:57,2025-08-05 09:52:21,1,1.7,1,N,140,236,1,12.8,0.0,0.5,2.5,0.0,1.0,19.3,2.5,0.0,0.0
1,2025-08-05 09:48:01,2025-08-05 10:19:21,1,1.8,99,N,48,170,1,19.5,0.0,0.5,0.0,0.0,0.0,20.0,0.0,0.0,0.0
2,2025-08-05 09:52:48,2025-08-05 09:59:28,1,0.7,1,N,140,262,2,7.9,0.0,0.5,0.0,0.0,1.0,11.9,2.5,0.0,0.0
1,2025-08-05 09:57:30,2025-08-05 10:30:07,1,3.7,99,N,74,263,1,18.5,0.0,0.5,0.0,0.0,0.0,19.0,0.0,0.0,0.0
2,2025-08-05 10:01:28,2025-08-05 10:09:46,1,1.14,1,N,239,237,1,9.3,0.0,0.5,2.66,0.0,1.0,15.96,2.5,0.0,0.0
2,2025-08-05 10:12:12,2025-08-05 10:39:05,2,2.51,1,N,162,90,1,22.6,0.0,0.5,5.47,0.0,1.0,32.82,2.5,0.0,0.75
2,2025-08-05 10:15:48,2025-08-05 10:21:14,1,2.74,1,N,140,137,1,12.1,0.0,0.5,3.37,0.0,1.0,20.22,2.5,0.0,0.75
2,2025-08-05 10:19:03,2025-08-05 10:26:46,1,1.31,1,N,151,142,1,10.0,0.0,0.5,1.0,0.0,1.0,15.0,2.5,0.0,0.0
2,2025-08-05 10:38:57,2025-08-05 10:42:50,1,0.45,1,N,161,163,1,5.8,0.0,0.5,1.58,0.0,1.0,12.13,2.5,0.0,0.75
2,2025-08-05 10:43:01,2025-08-05 10:51:52,1,1.65,1,N,43,239,1,10.7,0.0,0.5,3.67,0.0,1.0,18.37,2.5,0.0,0.0
2,2025-08-05 10:46:06,2025-08-05 10:46:14,1,0.01,5,N,132,132,1,90.0,0.0,0.0,18.2,0.0,1.0,110.95,0.0,1.75,0.0
1,2025-08-05 10:52:50,2025-08-05 11:08:44,3,2.9,1,N,231,68,1,17.0,3.25,0.5,4.35,0.0,1.0,26.1,2.5,0.0,0.75
1,2025-08-05 10:55:13,2025-08-05 11:07:00,1,1.6,1,N,236,239,1,12.1,2.5,0.5,4.85,0.0,1.0,20.95,2.5,0.0,0.0
2,2025-08-05 11:02:04,2025-08-05 11:17:29,1,2.35,1,N,161,68,2,14.9,0.0,0.5,0.0,0.0,1.0,19.65,2.5,0.0,0.75
2,2025-08-05 11:03:40,2025-08-05 11:09:22,1,0.86,1,N,236,237,1,7.9,0.0,0.5,2.38,0.0,1.0,14.28,2.5,0.0,0.0
2,2025-08-05 11:07:50,2025-08-05 11:19:10,1,1.71,1,N,170,237,1,12.1,0.0,0.5,3.37,0.0,1.0,20.22,2.5,0.0,0.75
2,2025-08-05 11:10:03,2025-08-05 11:21:12,1,1.91,1,N,142,68,1,12.8,0.0,0.5,3.51,0.0,1.0,21.06,2.5,0.0,0.75
2,2025-08-05 11:12:32,2025-08-05 11:40:28,1,4.64,1,N,234,40,1,28.9,0.0,0.5,6.73,0.0,1.0,40.38,2.5,0.0,0.75
1,2025-08-05 11:14:40,2025-08-05 11:20:38,2,0.8,1,N,148,114,1,7.2,3.25,0.5,0.0,0.0,1.0,11.95,2.5,0.0,0.75
2,2025-08-05 11:15:40,2025-08-05 11:36:06,1,8.26,1,N,138,15,1,33.8,5.0,0.5,8.06,0.0,1.0,50.11,0.0,1.75,0.0
1,2025-08-05 11:23:09,2025-08-05 11:34:03,1,2.0,1,N,43,236,2,13.5,3.25,0.5,0.0,0.0,1.0,18.25,2.5,0.0,0.75
2,2025-08-05 11:23:52,2025-08-05 11:48:54,1,2.75,1,N,229,113,1,22.6,0.0,0.5,3.0,0.0,1.0,30.35,2.5,0.0,0.75
2,2025-08-05 11:28:30,2025-08-05 11:51:19,1,2.05,1,N,249,162,1,19.8,0.0,0.5,4.91,0.0,1.0,29.46,2.5,0.0,0.75
2,2025-08-05 11:37:09,2025-08-05 12:02:36,4,2.48,1,N,186,231,1,22.6,0.0,0.5,5.47,0.0,1.0,32.82,2.5,0.0,0.75
1,2025-08-05 11:42:03,2025-08-05 12:08:37,1,2.6,1,N,164,140,2,21.9,3.25,0.5,0.0,0.0,1.0,26.65,2.5,0.0,0.75
2,2025-08-05 11:48:42,2025-08-05 11:58:38,1,1.15,1,N,249,231,1,10.7,0.0,0.5,3.09,0.0,1.0,18.54,2.5,0.0,0.75
2,2025-08-05 11:56:11,2025-08-05 12:08:16,1,1.32,1,N,237,162,1,12.1,0.0,0.5,3.37,0.0,1.0,20.22,2.5,0.0,0.75
1,2025-08-05 12:05:32,2025-08-05 12:26:03,1,1.2,1,N,162,48,1,17.0,3.25,0.5,4.35,0.0,1.0,26.1,2.5,0.0,0.75
1,2025-08-05 12:09:47,2025-08-05 12:20:26,1,0.5,1,N,237,237,1,10.0,3.25,0.5,2.0,0.0,1.0,16.75,2.5,0.0,0.75
2,2025-08-05 12:11:36,2025-08-05 12:19:22,1,1.38,1,N,237,263,1,9.3,0.0,0.5,2.66,0.0,1.0,15.96,2.5,0.0,0.0
2,2025-08-05 12:11:55,2025-08-05 12:24:12,1,1.23,1,N,140,262,1,12.1,0.0,0.5,3.37,0.0,1.0,20.22,2.5,0.0,0.75
2,2025-08-05 12:30:08,2025-08-05 12:48:42,1,2.97,1,N,68,231,1,18.4,0.0,0.5,4.63,0.0,1.0,27.78,2.5,0.0,0.75
2,2025-08-05 12:30:14,2025-08-05 12:50:06,1,1.76,1,N,161,68,1,17.7,0.0,0.5,4.49,0.0,1.0,26.94,2.5,0.0,0.75
1,2025-08-05 12:31:35,2025-08-05 12:37:03,1,0.7,1,N,237,236,2,7.2,2.5,0.5,0.0,0.0,1.0,11.2,2.5,0.0,0.0
2,2025-08-05 12:37:28,2025-08-05 13:00:58,1,3.06,1,N,186,239,1,23.3,0.0,0.5,5.61,0.0,1.0,33.66,2.5,0.0,0.75
1,2025-08-05 12:53:17,2025-08-05 13:07:52,1,1.7,1,N,237,236,2,10.7,2.5,0.5,0.0,0.0,1.0,14.7,2.5,0.0,0.0
1,2025-08-05 13:02:17,2025-08-05 13:31:23,1,4.7,99,N,236,42,1,26.5,0.0,0.5,0.0,0.0,0.0,27.0,0.0,0.0,0.0
2,2025-08-05 13:04:54,2025-08-05 13:21:07,1,4.13,1,N,262,234,1,21.2,0.0,0.5,5.19,0.0,1.0,31.14,2.5,0.0,0.75
2,2025-08-05 13:05:21,2025-08-05 13:17:57,1,1.32,1,N,140,236,1,12.1,0.0,0.5,3.22,0.0,1.0,19.32,2.5,0.0,0.0
1,2025-08-05 13:09:19,2025-08-05 13:15:26,1,0.6,1,N,163,229,1,7.2,3.25,0.5,2.4,0.0,1.0,14.35,2.5,0.0,0.75
2,2025-08-05 13:10:31,2025-08-05 13:13:59,1,0.06,1,N,163,142,2,5.1,0.0,0.5,0.0,0.0,1.0,9.85,2.5,0.0,0.75
1,2025-08-05 13:15:22,2025-08-05 13:18:44,1,0.3,1,N,79,114,1,5.1,3.25,0.5,1.95,0.0,1.0,11.8,2.5,0.0,0.75
2,2025-08-05 13:18:01,2025-08-05 13:45:35,2,3.45,1,N,43,144,1,25.4,0.0,0.5,6.03,0.0,1.0,36.18,2.5,0.0,0.75
2,2025-08-05 13:34:25,2025-08-05 13:45:50,1,1.96,1,N,48,68,2,12.8,0.0,0.5,0.0,0.0,1.0,17.55,2.5,0.0,0.75
2,2025-08-05 13:37:26,2025-08-05 14:12:50,2,2.21,1,N,161,246,1,28.9,0.0,0.5,6.73,0.0,1.0,40.38,2.5,0.0,0.75
2,2025-08-05 13:49:52,2025-08-05 13:58:06,1,2.45,1,N,50,238,1,12.8,0.0,0.5,3.16,0.0,1.0,20.71,2.5,0.0,0.75
2,2025-08-05 13:50:19,2025-08-05 13:57:13,1,0.36,1,N,161,230,1,7.2,0.0,0.5,2.39,0.0,1.0,14.34,2.5,0.0,0.75
2,2025-08-05 14:03:25,2025-08-05 15:10:35,1,17.23,2,N,161,132,1,70.0,0.0,0.5,0.0,0.0,1.0,74.75,2.5,0.0,0.75
1,2025-08-05 14:10:44,2025-08-05 14:41:46,1,6.9,1,N,237,138,1,35.2,8.25,0.5,20.0,0.0,1.0,64.95,2.5,0.0,0.75
2,2025-08-05 14:11:08,2025-08-05 14:23:16,1,0.97,1,N,237,237,1,11.4,0.0,0.5,2.42,0.0,1.0,18.57,2.5,0.0,0.75
2,2025-08-05 14:14:56,2025-08-05 14:27:52,1,1.76,1,N,186,211,2,12.8,0.0,0.5,0.0,0.0,1.0,17.55,2.5,0.0,0.75
2,2025-08-05 14:24:01,2025-08-05 14:39:52,5,2.07,1,N,140,161,1,16.3,0.0,0.5,2.1,0.0,1.0,23.15,2.5,0.0,0.75
2,2025-08-05 14:24:14,2025-08-05 14:53:22,2,5.46,1,N,100,41,4,32.4,0.0,0.5,0.0,0.0,1.0,37.15,2.5,0.0,0.75
2,2025-08-05 14:37:11,2025-08-05 14:53:50,1,2.25,1,N,161,113,1,16.3,0.0,0.5,4.21,0.0,1.0,25.26,2.5,0.0,0.75
1,2025-08-05 14:39:15,2025-08-05 15:29:39,1,8.1,99,N,143,189,1,32.5,0.0,0.5,0.0,0.0,0.0,33.0,0.0,0.0,0.0
2,2025-08-05 14:39:51,2025-08-05 15:31:29,2,18.43,2,N,132,41,1,70.0,0.0,0.5,16.04,6.94,1.0,96.23,0.0,1.75,0.0
2,2025-08-05 14:40:53,2025-08-05 15:00:47,1,1.43,1,N,236,43,1,17.0,0.0,0.5,4.35,0.0,1.0,26.1,2.5,0.0,0.75
2,2025-08-05 14:41:13,2025-08-05 15:07:32,1,3.94,1,N,261,48,1,26.1,0.0,0.5,6.17,0.0,1.0,37.02,2.5,0.0,0.75
2,2025-08-05 14:43:10,2025-08-05 14:49:52,1,1.39,1,N,238,142,1,8.6,0.0,0.5,2.52,0.0,1.0,15.12,2.5,0.0,0.0
2,2025-08-05 14:53:07,2025-08-05 15:05:50,1,0.61,1,N,170,164,1,11.4,0.0,0.5,4.84,0.0,1.0,20.99,2.5,0.0,0.75
2,2025-08-05 14:56:13,2025-08-05 15:01:45,1,0.59,1,N,163,50,1,7.2,0.0,0.5,2.99,0.0,1.0,14.94,2.5,0.0,0.75
2,2025-08-05 15:16:16,2025-08-05 15:30:50,1,2.02,1,N,163,238,1,14.9,0.0,0.5,2.5,0.0,1.0,22.15,2.5,0.0,0.75
2,2025-08-05 15:17:05,2025-08-05 15:43:02,1,2.4,1,N,163,236,1,21.9,0.0,0.5,5.0,0.0,1.0,31.65,2.5,0.0,0.75
2,2025-08-05 15:17:46,2025-08-05 15:32:30,1,2.14,1,N,239,41,1,14.2,0.0,0.5,3.64,0.0,1.0,21.84,2.5,0.0,0.0
2,2025-08-05 15:30:10,2025-08-05 15:45:51,2,0.46,1,N,100,230,1,13.5,0.0,0.5,5.0,0.0,1.0,23.25,2.5,0.0,0.75
2,2025-08-05 15:33:48,2025-08-05 15:45:13,2,2.47,1,N,151,74,1,14.2,0.0,0.5,3.14,0.0,1.0,18.84,0.0,0.0,0.0
1,2025-08-05 15:37:03,2025-08-05 15:41:30,1,0.7,1,N,246,68,2,5.8,3.25,0.5,0.0,0.0,1.0,10.55,2.5,0.0,0.75
2,2025-08-05 15:48:47,2025-08-05 16:02:09,2,2.49,1,N,230,238,2,14.9,0.0,0.5,0.0,0.0,1.0,19.65,2.5,0.0,0.75
2,2025-08-05 16:01:49,2025-08-05 16:04:20,1,0.5,1,N,246,246,1,5.1,2.5,0.5,2.47,0.0,1.0,14.82,2.5,0.0,0.75
1,2025-08-05 16:03:21,2025-08-05 16:13:18,1,1.1,1,N,163,237,4,10.0,5.75,0.5,0.0,0.0,1.0,17.25,2.5,0.0,0.75
2,2025-08-05 16:10:46,2025-08-05 16:16:00,1,0.78,1,N,236,236,1,7.2,2.5,0.5,1.5,0.0,1.0,15.2,2.5,0.0,0.0
1,2025-08-05 16:10:46,2025-08-05 16:20:36,2,1.0,1,N,263,237,1,10.7,5.0,0.5,0.0,0.0,1.0,17.2,2.5,0.0,0.0
2,2025-08-05 16:12:15,2025-08-05 16:31:48,1,3.23,1,N,100,237,1,20.5,2.5,0.5,6.94,0.0,1.0,34.69,2.5,0.0,0.75
2,2025-08-05 16:14:33,2025-08-05 16:26:11,1,1.8,1,N,237,262,1,12.8,2.5,0.5,3.86,0.0,1.0,23.16,2.5,0.0,0.0
1,2025-08-05 16:15:52,2025-08-05 16:19:20,3,0.5,1,N,48,68,1,5.8,5.75,0.5,2.6,0.0,1.0,15.65,2.5,0.0,0.75
2,2025-08-05 16:17:08,2025-08-05 16:27:31,1,1.15,1,N,143,142,1,10.7,2.5,0.5,3.59,0.0,1.0,21.54,2.5,0.0,0.75
2,2025-08-05 16:17:13,2025-08-05 16:27:06,1,0.96,1,N,137,186,2,10.0,2.5,0.5,0.0,0.0,1.0,17.25,2.5,0.0,0.75
1,2025-08-05 16:19:01,2025-08-05 17:25:09,1,9.4,1,N,138,230,1,63.2,12.5,0.5,21.05,6.94,1.0,105.19,2.5,1.75,0.75
2,2025-08-05 16:22:03,2025-08-05 16:52:18,1,3.56,1,N,238,164,1,27.5,2.5,0.5,6.95,0.0,1.0,41.7,2.5,0.0,0.75
2,2025-08-05 16:23:33,2025-08-05 16:50:20,1,9.92,1,N,138,141,1,41.5,7.5,0.5,12.34,6.94,1.0,74.03,2.5,1.75,0.0
2,2025-08-05 16:24:56,2025-08-05 16:40:59,1,1.69,1,N,68,164,1,14.9,2.5,0.5,4.43,0.0,1.0,26.58,2.5,0.0,0.75
2,2025-08-05 16:25:01,2025-08-05 16:36:15,1,1.31,1,N,163,239,1,11.4,2.5,0.5,5.59,0.0,1.0,24.24,2.5,0.0,0.75
2,2025-08-05 16:29:29,2025-08-05 16:46:58,3,0.89,1,N,162,161,1,15.6,2.5,0.5,4.57,0.0,1.0,27.42,2.5,0.0,0.75
2,2025-08-05 16:46:38,2025-08-05 17:03:50,1,1.87,1,N,186,162,4,15.6,2.5,0.5,0.0,0.0,1.0,22.85,2.5,0.0,0.75
2,2025-08-05 16:52:59,2025-08-05 17:20:37,1,5.26,1,N,209,48,1,29.6,2.5,0.5,7.87,0.0,1.0,47.22,2.5,0.0,0.75
2,2025-08-05 16:57:17,2025-08-05 17:08:19,1,0.74,1,N,230,237,2,10.0,2.5,0.5,0.0,0.0,1.0,17.25,2.5,0.0,0.75
2,2025-08-05 17:03:11,2025-08-05 17:11:12,1,0.77,1,N,162,107,1,8.6,2.5,0.5,3.17,0.0,1.0,19.02,2.5,0.0,0.75
2,2025-08-05 17:04:53,2025-08-05 17:10:24,1,0.74,1,N,234,79,1,7.2,2.5,0.5,2.89,0.0,1.0,17.34,2.5,0.0,0.75
2,2025-08-05 17:08:21,2025-08-05 17:33:45,1,5.09,1,N,211,142,1,26.8,2.5,0.5,6.81,0.0,1.0,40.86,2.5,0.0,0.75
2,2025-08-05 17:09:30,2025-08-05 17:36:47,1,4.15,1,N,236,69,2,25.4,2.5,0.5,0.0,0.0,1.0,31.9,2.5,0.0,0.0
2,2025-08-05 17:09:55,2025-08-05 17:13:34,1,0.44,1,N,90,186,1,5.8,2.5,0.5,2.61,0.0,1.0,15.66,2.5,0.0,0.75
1,2025-08-05 17:10:56,2025-08-05 17:21:10,1,1.1,1,N,162,234,1,10.7,5.75,0.5,3.55,0.0,1.0,21.5,2.5,0.0,0.75
2,2025-08-05 17:20:22,2025-08-05 17:37:27,1,0.54,1,N,163,161,1,14.9,2.5,0.5,4.43,0.0,1.0,26.58,2.5,0.0,0.75
2,2025-08-05 17:21:11,2025-08-05 17:34:15,1,1.64,1,N,161,140,1,13.5,2.5,0.5,2.49,0.0,1.0,23.24,2.5,0.0,0.75
2,2025-08-05 17:21:49,2025-08-05 17:31:33,1,1.55,1,N,163,162,1,11.4,2.5,0.5,3.73,0.0,1.0,22.38,2.5,0.0,0.75
2,2025-08-05 17:27:18,2025-08-05 17:43:21,4,1.57,1,N,186,161,4,14.9,2.5,0.5,0.0,0.0,1.0,22.15,2.5,0.0,0.75
2,2025-08-05 17:31:57,2025-08-05 17:42:42,1,1.41,1,N,48,68,1,11.4,2.5,0.5,3.73,0.0,1.0,22.38,2.5,0.0,0.75
2,2025-08-05 17:40:22,2025-08-05 17:54:00,1,0.52,1,N,68,230,2,12.1,2.5,0.5,0.0,0.0,1.0,19.35,2.5,0.0,0.75
2,2025-08-05 17:49:20,2025-08-05 18:21:25,1,11.19,1,N,88,129,1,46.4,2.5,0.5,12.12,6.94,1.0,72.71,2.5,0.0,0.75
1,2025-08-05 17:55:09,2025-08-05 18:04:00,1,1.8,1,N,140,233,1,10.7,5.75,0.5,3.6,0.0,1.0,21.55,2.5,0.0,0.75
2,2025-08-05 17:59:21,2025-08-05 18:00:22,1,0.04,1,N,48,48,4,3.0,2.5,0.5,0.0,0.0,1.0,10.25,2.5,0.0,0.75
1,2025-08-05 18:02:47,2025-08-05 18:14:35,1,2.2,1,N,88,148,1,14.2,5.75,0.5,0.0,0.0,1.0,21.45,2.5,0.0,0.75
2,2025-08-05 18:04:58,2025-08-05 18:13:45,1,1.58,1,N,230,143,1,10.7,2.5,0.5,3.59,0.0,1.0,21.54,2.5,0.0,0.75
2,2025-08-05 18:05:02,2025-08-05 18:18:34,1,1.56,1,N,140,142,2,13.5,2.5,0.5,0.0,0.0,1.0,20.0,2.5,0.0,0.0
2,2025-08-05 18:05:05,2025-08-05 18:15:08,2,0.66,1,N,246,50,1,10.0,2.5,0.5,0.86,0.0,1.0,18.11,2.5,0.0,0.75
2,2025-08-05 18:08:01,2025-08-05 18:34:59,1,6.12,1,N,74,220,1,31.7,2.5,0.5,2.0,0.0,1.0,37.7,0.0,0.0,0.0
2,2025-08-05 18:26:27,2025-08-05 18:52:30,1,6.91,1,N,141,217,2,31.7,2.5,0.5,0.0,0.0,1.0,38.95,2.5,0.0,0.75
2,2025-08-05 18:31:38,2025-08-05 18:48:13,1,3.16,1,N,236,50,1,18.4,2.5,0.5,5.13,0.0,1.0,30.78,2.5,0.0,0.75
2,2025-08-05 18:31:56,2025-08-05 18:55:09,1,3.51,1,N,158,162,1,22.6,2.5,0.5,5.97,0.0,1.0,35.82,2.5,0.0,0.75
2,2025-08-05 18:32:32,2025-08-05 18:45:49,1,1.95,1,N,161,237,1,14.2,2.5,0.5,4.29,0.0,1.0,25.74,2.5,0.0,0.75
2,2025-08-05 18:33:08,2025-08-05 18:38:12,1,0.67,1,N,186,90,1,6.5,2.5,0.5,2.75,0.0,1.0,16.5,2.5,0.0,0.75
2,2025-08-05 18:38:15,2025-08-05 18:58:05,1,1.9,1,N,68,48,1,18.4,2.5,0.5,0.0,0.0,1.0,25.65,2.5,0.0,0.75
2,2025-08-05 18:39:52,2025-08-05 18:52:29,1,1.49,1,N,246,186,1,12.1,2.5,0.5,3.87,0.0,1.0,23.22,2.5,0.0,0.75
2,2025-08-05 18:47:17,2025-08-05 18:52:31,1,0.53,1,N,113,249,1,6.5,2.5,0.5,0.0,0.0,1.0,13.75,2.5,0.0,0.75
2,2025-08-05 18:49:11,2025-08-05 19:06:43,1,3.87,1,N,163,151,1,19.8,2.5,0.5,4.06,0.0,1.0,31.11,2.5,0.0,0.75
2,2025-08-05 19:02:48,2025-08-05 19:19:18,1,2.01,1,N,162,239,1,15.6,2.5,0.5,4.57,0.0,1.0,27.42,2.5,0.0,0.75
1,2025-08-05 19:07:43,2025-08-05 19:11:36,1,0.7,1,N,141,141,1,6.5,5.0,0.5,2.6,0.0,1.0,15.6,2.5,0.0,0.0
2,2025-08-05 19:10:03,2025-08-05 19:25:24,1,2.38,1,N,186,229,1,15.6,2.5,0.5,4.57,0.0,1.0,27.42,2.5,0.0,0.75
2,2025-08-05 19:39:11,2025-08-05 19:56:57,1,5.35,1,N,170,261,1,25.4,2.5,0.5,3.26,0.0,1.0,35.91,2.5,0.0,0.75
2,2025-08-05 19:45:27,2025-08-05 19:47:23,1,0.51,1,N,234,234,1,4.4,2.5,0.5,2.33,0.0,1.0,13.98,2.5,0.0,0.75
1,2025-08-05 19:51:30,2025-08-05 20:10:34,1,1.5,1,N,163,100,1,16.3,5.75,0.5,4.7,0.0,1.0,28.25,2.5,0.0,0.75
2,2025-08-05 19:55:09,2025-08-05 19:58:42,2,0.55,1,N,246,50,1,5.8,2.5,0.5,1.0,0.0,1.0,14.05,2.5,0.0,0.75
2,2025-08-05 19:55:13,2025-08-05 20:16:53,1,8.99,1,N,236,231,1,36.6,2.5,0.5,8.77,0.0,1.0,52.62,2.5,0.0,0.75
2,2025-08-05 19:56:23,2025-08-05 20:04:43,1,2.01,1,N,43,238,1,11.4,2.5,0.5,2.5,0.0,1.0,21.15,2.5,0.0,0.75
1,2025-08-05 20:02:27,2025-08-05 20:22:34,2,11.0,1,N,132,138,1,41.5,7.75,0.5,0.0,0.0,1.0,50.75,0.0,1.75,0.0
1,2025-08-05 20:03:40,2025-08-05 20:20:18,1,2.1,1,N,237,234,1,15.6,4.25,0.5,3.0,0.0,1.0,24.35,2.5,0.0,0.75
2,2025-08-05 20:03:41,2025-08-05 20:13:57,1,1.72,1,N,244,116,2,12.1,2.5,0.5,0.0,0.0,1.0,16.1,0.0,0.0,0.0
1,2025-08-05 20:05:28,2025-08-05 20:17:52,1,1.9,1,N,107,144,1,12.1,4.25,0.5,3.55,0.0,1.0,21.4,2.5,0.0,0.75
2,2025-08-05 20:11:29,2025-08-05 20:28:58,1,11.5,1,N,132,155,1,43.6,1.0,0.5,5.0,0.0,1.0,52.85,0.0,1.75,0.0
2,2025-08-05 20:17:55,2025-08-05 20:35:04,1,2.78,1,N,230,249,1,17.7,1.0,0.5,4.69,0.0,1.0,28.14,2.5,0.0,0.75
2,2025-08-05 20:29:05,2025-08-05 20:43:01,1,3.36,1,N,68,13,2,17.7,1.0,0.5,0.0,0.0,1.0,23.45,2.5,0.0,0.75
2,2025-08-05 20:40:46,2025-08-05 20:52:32,1,1.16,1,N,79,249,1,11.4,1.0,0.5,2.57,0.0,1.0,19.72,2.5,0.0,0.75
2,2025-08-05 20:45:17,2025-08-05 20:52:05,2,0.99,1,N,107,113,1,8.6,1.0,0.5,2.87,0.0,1.0,17.22,2.5,0.0,0.75
2,2025-08-05 20:50:02,2025-08-05 21:10:25,1,3.39,1,N,161,151,1,20.5,1.0,0.5,5.25,0.0,1.0,31.5,2.5,0.0,0.75
1,2025-08-05 20:52:54,2025-08-05 21:00:16,1,1.5,1,N,239,237,2,9.3,3.5,0.5,0.0,0.0,1.0,14.3,2.5,0.0,0.0
2,2025-08-05 21:11:26,2025-08-05 21:36:03,1,10.28,1,N,230,95,1,42.9,1.0,0.5,8.0,6.94,1.0,63.59,2.5,0.0,0.75
2,2025-08-05 21:20:22,2025-08-05 21:26:02,1,1.07,1,N,107,148,1,7.9,1.0,0.5,2.73,0.0,1.0,16.38,2.5,0.0,0.75
2,2025-08-05 21:28:14,2025-08-05 21:55:00,3,10.89,1,N,75,54,1,45.0,1.0,0.5,10.0,0.0,1.0,60.0,2.5,0.0,0.0
2,2025-08-05 21:48:48,2025-08-05 21:54:32,1,0.97,1,N,170,230,1,7.2,1.0,0.5,2.59,0.0,1.0,15.54,2.5,0.0,0.75
2,2025-08-05 22:00:28,2025-08-05 22:09:28,2,2.27,1,N,246,143,1,12.1,1.0,0.5,3.57,0.0,1.0,21.42,2.5,0.0,0.75
2,2025-08-05 22:00:34,2025-08-05 22:23:48,2,5.14,1,N,48,179,1,26.8,1.0,0.5,6.51,0.0,1.0,39.06,2.5,0.0,0.75
2,2025-08-05 22:05:29,2025-08-05 22:20:01,1,1.08,1,N,186,230,2,13.5,1.0,0.5,0.0,0.0,1.0,19.25,2.5,0.0,0.75
2,2025-08-05 22:06:11,2025-08-05 22:19:39,1,3.04,1,N,230,151,1,16.3,1.0,0.5,3.0,0.0,1.0,25.05,2.5,0.0,0.75
1,2025-08-05 22:10:43,2025-08-05 22:28:33,1,15.0,1,N,230,200,1,56.2,4.25,0.5,13.0,3.18,1.0,78.13,2.5,0.0,0.75
2,2025-08-05 22:13:31,2025-08-05 22:31:07,1,2.71,1,N,238,161,1,19.1,1.0,0.5,7.46,0.0,1.0,32.31,2.5,0.0,0.75
2,2025-08-05 22:30:20,2025-08-05 22:41:55,1,1.56,1,N,239,163,1,12.8,1.0,0.5,3.71,0.0,1.0,22.26,2.5,0.0,0.75
2,2025-08-05 22:37:44,2025-08-05 23:05:06,4,7.71,1,N,132,82,2,39.4,1.0,0.5,0.0,0.0,1.0,41.9,0.0,0.0,0.0
1,2025-08-05 22:38:09,2025-08-05 23:06:17,1,4.1,1,N,239,142,1,25.4,4.25,0.5,5.5,0.0,1.0,36.65,2.5,0.0,0.75
2,2025-08-05 22:40:56,2025-08-05 22:57:59,1,3.58,1,N,234,236,1,19.8,1.0,0.5,5.11,0.0,1.0,30.66,2.5,0.0,0.75
2,2025-08-05 22:59:24,2025-08-05 23:08:15,1,2.19,1,N,231,186,1,12.1,1.0,0.5,3.57,0.0,1.0,21.42,2.5,0.0,0.75
1,2025-08-05 23:04:33,2025-08-05 23:31:38,1,4.0,1,N,163,144,1,24.0,4.25,0.5,2.38,0.0,1.0,32.13,2.5,0.0,0.75
2,2025-08-05 23:12:56,2025-08-05 23:27:24,2,3.25,1,N,79,230,1,17.0,1.0,0.5,0.0,0.0,1.0,22.75,2.5,0.0,0.75
2,2025-08-05 23:16:53,2025-08-05 23:26:25,1,1.82,1,N,249,233,1,11.4,1.0,0.5,3.43,0.0,1.0,20.58,2.5,0.0,0.75
1,2025-08-05 23:17:40,2025-08-05 23:24:38,1,1.2,1,N,163,68,2,7.9,4.25,0.5,0.0,0.0,1.0,13.65,2.5,0.0,0.75
2,2025-08-05 23:30:03,2025-08-05 23:46:52,1,3.4,1,N,79,163,1,18.4,1.0,0.5,4.83,0.0,1.0,28.98,2.5,0.0,0.75
2,2025-08-05 23:49:08,2025-08-06 00:04:53,1,4.2,1,N,158,237,1,20.5,1.0,0.5,5.25,0.0,1.0,31.5,2.5,0.0,0.75
2,2025-08-06 00:30:55,2025-08-06 01:00:52,1,12.99,1,N,132,62,2,52.0,1.0,0.5,0.0,0.0,1.0,56.25,0.0,1.75,0.0
2,2025-08-06 03:38:56,2025-08-06 03:55:54,1,9.09,1,N,48,119,2,36.6,1.0,0.5,0.0,0.0,1.0,42.35,2.5,0.0,0.75
2,2025-08-06 05:41:24,2025-08-06 05:46:29,1,1.12,1,N,238,236,1,7.9,1.0,0.5,1.29,0.0,1.0,14.19,2.5,0.0,0.0
2,2025-08-06 06:25:44,2025-08-06 06:36:51,1,2.66,1,N,239,162,1,13.5,0.0,0.5,4.56,0.0,1.0,22.81,2.5,0.0,0.75
1,2025-08-06 06:35:20,2025-08-06 06:48:44,1,3.0,1,N,234,140,1,15.6,3.25,0.5,0.0,0.0,1.0,20.35,2.5,0.0,0.75
1,2025-08-06 06:39:24,2025-08-06 06:51:36,1,2.3,1,N,162,68,1,14.2,3.25,0.5,1.5,0.0,1.0,20.45,2.5,0.0,0.75
2,2025-08-06 07:25:56,2025-08-06 07:34:51,2,1.12,1,N,229,230,1,9.3,0.0,0.5,1.5,0.0,1.0,15.55,2.5,0.0,0.75
2,2025-08-06 07:31:44,2025-08-06 07:38:48,1,1.34,1,N,43,230,1,9.3,0.0,0.5,2.11,0.0,1.0,16.16,2.5,0.0,0.75
2,2025-08-06 07:53:53,2025-08-06 08:21:37,1,8.13,1,N,186,244,1,38.7,0.0,0.5,13.04,0.0,1.0,56.49,2.5,0.0,0.75
1,2025-08-06 08:01:59,2025-08-06 08:32:41,1,5.9,99,N,239,12,1,32.5,0.0,0.5,0.0,0.0,0.0,33.0,0.0,0.0,0.0
2,2025-08-06 08:04:50,2025-08-06 08:09:11,1,0.85,1,N,236,75,1,6.5,0.0,0.5,1.89,0.0,1.0,12.39,2.5,0.0,0.0
2,2025-08-06 08:28:44,2025-08-06 08:58:40,2,4.48,1,N,113,230,1,28.2,0.0,0.5,4.94,0.0,1.0,37.89,2.5,0.0,0.75
2,2025-08-06 08:34:00,2025-08-06 08:34:37,1,0.16,1,N,161,170,1,3.0,0.0,0.5,1.55,0.0,1.0,9.3,2.5,0.0,0.75
2,2025-08-06 08:38:23,2025-08-06 08:53:27,1,1.39,1,N,163,164,1,13.5,0.0,0.5,3.65,0.0,1.0,21.9,2.5,0.0,0.75
2,2025-08-06 08:39:27,2025-08-06 08:43:46,1,0.51,1,N,107,107,1,5.8,0.0,0.5,2.64,0.0,1.0,13.19,2.5,0.0,0.75
2,2025-08-06 08:56:42,2025-08-06 09:16:31,2,1.33,1,N,162,140,1,17.0,0.0,0.5,4.35,0.0,1.0,26.1,2.5,0.0,0.75
2,2025-08-06 08:59:09,2025-08-06 09:10:53,1,1.61,1,N,263,163,1,12.1,0.0,0.5,2.5,0.0,1.0,19.35,2.5,0.0,0.75
2,2025-08-06 09:04:22,2025-08-06 09:16:45,1,1.76,1,N,143,237,1,12.8,0.0,0.5,2.63,0.0,1.0,20.18,2.5,0.0,0.75
2,2025-08-06 09:17:08,2025-08-06 09:23:28,2,1.16,1,N,90,249,1,8.6,0.0,0.5,3.34,0.0,1.0,16.69,2.5,0.0,0.75
2,2025-08-06 09:32:21,2025-08-06 09:52:07,1,2.14,1,N,48,237,1,19.1,0.0,0.5,4.77,0.0,1.0,28.62,2.5,0.0,0.75
2,2025-08-06 09:37:30,2025-08-06 09:57:18,1,3.18,1,N,13,246,1,21.2,0.0,0.5,3.89,0.0,1.0,29.84,2.5,0.0,0.75
2,2025-08-06 09:49:43,2025-08-06 10:06:45,1,1.85,1,N,170,237,1,16.3,0.0,0.5,4.21,0.0,1.0,25.26,2.5,0.0,0.75
2,2025-08-06 09:51:37,2025-08-06 10:15:04,1,2.69,1,N,236,164,1,21.9,0.0,0.5,5.33,0.0,1.0,31.98,2.5,0.0,0.75
2,2025-08-06 09:54:29,2025-08-06 10:22:56,1,3.19,1,N,230,114,1,24.7,0.0,0.5,5.0,0.0,1.0,34.45,2.5,0.0,0.75
2,2025-08-06 09:57:07,2025-08-06 10:17:03,1,1.48,1,N,233,237,2,17.7,0.0,0.5,0.0,0.0,1.0,22.45,2.5,0.0,0.75
2,2025-08-06 09:58:08,2025-08-06 10:11:29,1,1.05,1,N,137,170,1,12.8,0.0,0.5,3.51,0.0,1.0,21.06,2.5,0.0,0.75
1,2025-08-06 10:06:12,2025-08-06 10:32:56,1,2.8,1,N,163,249,1,21.9,3.25,0.5,5.35,0.0,1.0,32.0,2.5,0.0,0.75
2,2025-08-06 10:09:00,2025-08-06 10:22:39,1,0.84,1,N,246,48,1,12.8,0.0,0.5,3.51,0.0,1.0,21.06,2.5,0.0,0.75
2,2025-08-06 10:10:02,2025-08-06 10:14:22,1,0.88,1,N,186,90,1,7.2,0.0,0.5,2.0,0.0,1.0,13.95,2.5,0.0,0.75
2,2025-08-06 10:10:38,2025-08-06 10:25:05,1,1.92,1,N,246,158,1,14.9,0.0,0.5,3.93,0.0,1.0,23.58,2.5,0.0,0.75
2,2025-08-06 10:13:52,2025-08-06 10:21:45,1,0.82,1,N,186,90,1,8.6,0.0,0.5,2.67,0.0,1.0,16.02,2.5,0.0,0.75
2,2025-08-06 10:39:45,2025-08-06 10:51:54,1,1.48,1,N,237,263,2,12.1,0.0,0.5,0.0,0.0,1.0,16.85,2.5,0.0,0.75
2,2025-08-06 10:40:02,2025-08-06 10:52:15,1,1.2,1,N,141,233,1,12.1,0.0,0.5,3.37,0.0,1.0,20.22,2.5,0.0,0.75
2,2025-08-06 10:59:55,2025-08-06 11:12:33,1,2.2,1,N,236,24,2,14.9,0.0,0.5,0.0,0.0,1.0,18.9,2.5,0.0,0.0
2,2025-08-06 11:03:45,2025-08-06 11:31:31,1,2.73,1,N,211,230,1,24.0,0.0,0.5,8.62,0.0,1.0,37.37,2.5,0.0,0.75
2,2025-08-06 11:08:41,2025-08-06 11:14:57,3,0.82,1,N,140,262,1,7.9,0.0,0.5,2.0,0.0,1.0,13.9,2.5,0.0,0.0
2,2025-08-06 11:11:35,2025-08-06 11:39:10,2,6.09,1,N,114,239,1,32.4,0.0,0.5,5.0,0.0,1.0,42.15,2.5,0.0,0.75
2,2025-08-06 11:14:33,2025-08-06 11:36:05,2,1.97,1,N,114,186,1,19.1,0.0,0.5,4.77,0.0,1.0,28.62,2.5,0.0,0.75
2,2025-08-06 11:15:30,2025-08-06 11:24:01,1,0.83,1,N,237,161,1,9.3,0.0,0.5,1.0,0.0,1.0,15.05,2.5,0.0,0.75
2,2025-08-06 11:17:05,2025-08-06 11:25:31,1,1.06,1,N,237,163,1,10.0,0.0,0.5,0.0,0.0,1.0,14.75,2.5,0.0,0.75
2,2025-08-06 11:24:40,2025-08-06 11:39:25,1,6.25,1,N,143,244,1,26.8,0.0,0.5,9.24,0.0,1.0,40.04,2.5,0.0,0.0
2,2025-08-06 11:24:48,2025-08-06 11:50:12,1,3.15,1,N,246,141,1,23.3,0.0,0.5,5.61,0.0,1.0,33.66,2.5,0.0,0.75
1,2025-08-06 11:43:01,2025-08-06 12:43:35,1,6.0,99,N,61,170,1,33.5,0.0,0.5,0.0,0.0,0.0,34.0,0.0,0.0,0.0
2,2025-08-06 11:47:46,2025-08-06 11:56:04,1,1.2,1,N,236,237,1,10.0,0.0,0.5,2.8,0.0,1.0,16.8,2.5,0.0,0.0
2,2025-08-06 11:53:09,2025-08-06 12:07:27,1,1.63,1,N,43,163,1,14.2,0.0,0.5,4.74,0.0,1.0,23.69,2.5,0.0,0.75
2,2025-08-06 11:53:53,2025-08-06 12:22:42,1,2.58,1,N,237,114,1,24.0,0.0,0.5,5.75,0.0,1.0,34.5,2.5,0.0,0.75
2,2025-08-06 11:54:07,2025-08-06 11:57:01,1,0.37,1,N,90,249,1,5.1,0.0,0.5,1.97,0.0,1.0,11.82,2.5,0.0,0.75
1,2025-08-06 11:59:15,2025-08-06 12:14:56,1,1.6,1,N,163,170,1,14.2,3.25,0.5,4.75,0.0,1.0,23.7,2.5,0.0,0.75
1,2025-08-06 12:18:20,2025-08-06 12:45:21,1,3.5,1,N,161,231,1,24.0,3.25,0.5,5.75,0.0,1.0,34.5,2.5,0.0,0.75
2,2025-08-06 12:21:15,2025-08-06 12:46:15,3,0.8,1,N,90,100,1,18.4,0.0,0.5,2.0,0.0,1.0,25.15,2.5,0.0,0.75
1,2025-08-06 12:22:48,2025-08-06 12:46:06,2,1.8,1,N,237,239,1,19.8,2.5,0.5,4.75,0.0,1.0,28.55,2.5,0.0,0.0
2,2025-08-06 12:31:39,2025-08-06 12:48:34,1,2.64,1,N,263,143,2,17.0,0.0,0.5,0.0,0.0,1.0,21.0,2.5,0.0,0.0
2,2025-08-06 12:34:27,2025-08-06 12:54:02,1,2.14,1,N,239,262,4,17.7,0.0,0.5,0.0,0.0,1.0,21.7,2.5,0.0,0.0
1,2025-08-06 12:35:33,2025-08-06 13:40:53,4,18.5,2,N,132,230,2,70.0,5.0,0.5,0.0,6.94,1.0,83.44,2.5,1.75,0.75
2,2025-08-06 12:35:56,2025-08-06 12:46:30,1,1.11,1,N,162,140,1,10.7,0.0,0.5,3.09,0.0,1.0,18.54,2.5,0.0,0.75
2,2025-08-06 12:42:21,2025-08-06 12:51:41,2,1.72,1,N,211,249,1,11.4,0.0,0.5,3.23,0.0,1.0,19.38,2.5,0.0,0.75
2,2025-08-06 12:48:39,2025-08-06 12:57:54,1,1.13,1,N,237,43,1,10.0,0.0,0.5,1.68,0.0,1.0,15.68,2.5,0.0,0.0
2,2025-08-06 12:49:23,2025-08-06 13:15:34,1,1.91,1,N,114,68,1,21.9,0.0,0.5,5.33,0.0,1.0,31.98,2.5,0.0,0.75
1,2025-08-06 12:51:10,2025-08-06 13:14:35,1,7.4,99,N,74,242,1,32.5,0.0,0.5,0.0,0.0,0.0,33.0,0.0,0.0,0.0
2,2025-08-06 13:00:13,2025-08-06 13:09:26,2,0.93,1,N,142,239,2,7.2,0.0,0.5,0.0,0.0,1.0,11.2,2.5,0.0,0.0
2,2025-08-06 13:01:39,2025-08-06 13:18:45,4,1.68,1,N,158,79,2,14.9,0.0,0.5,0.0,0.0,1.0,19.65,2.5,0.0,0.75
2,2025-08-06 13:01:41,2025-08-06 13:14:01,1,5.32,1,N,88,162,1,23.3,0.0,0.5,5.61,0.0,1.0,33.66,2.5,0.0,0.75
1,2025-08-06 13:08:27,2025-08-06 13:38:39,1,7.6,1,N,233,181,1,35.9,3.25,0.5,8.15,0.0,1.0,48.8,2.5,0.0,0.75
2,2025-08-06 13:13:47,2025-08-06 13:25:19,1,1.13,1,N,161,234,1,11.4,0.0,0.5,2.42,0.0,1.0,18.57,2.5,0.0,0.75
2,2025-08-06 13:16:48,2025-08-06 13:28:24,2,1.06,1,N,163,170,1,11.4,0.0,0.5,3.23,0.0,1.0,19.38,2.5,0.0,0.75
1,2025-08-06 13:19:41,2025-08-06 13:30:03,1,1.1,1,N,143,230,1,10.0,3.25,0.5,2.95,0.0,1.0,17.7,2.5,0.0,0.75
2,2025-08-06 13:32:03,2025-08-06 13:54:29,1,2.63,1,N,246,211,1,20.5,0.0,0.5,5.05,0.0,1.0,30.3,2.5,0.0,0.75
2,2025-08-06 13:38:39,2025-08-06 13:38:47,4,0.04,5,N,138,138,4,72.12,5.0,0.0,0.0,0.0,1.0,79.87,0.0,1.75,0.0
2,2025-08-06 13:44:42,2025-08-06 13:55:50,1,1.01,1,N,162,230,1,10.7,0.0,0.5,3.86,0.0,1.0,19.31,2.5,0.0,0.75
2,2025-08-06 13:52:14,2025-08-06 14:00:47,1,1.27,1,N,170,234,1,10.0,0.0,0.5,2.0,0.0,1.0,16.75,2.5,0.0,0.75
2,2025-08-06 13:54:26,2025-08-06 14:17:38,1,2.79,1,N,162,263,1,20.5,0.0,0.5,5.05,0.0,1.0,30.3,2.5,0.0,0.75
2,2025-08-06 13:59:03,2025-08-06 14:22:01,1,2.01,1,N,142,140,1,20.5,0.0,0.5,4.9,0.0,1.0,29.4,2.5,0.0,0.0
2,2025-08-06 13:59:57,2025-08-06 14:03:24,1,0.43,1,N,141,237,1,5.1,0.0,0.5,1.82,0.0,1.0,10.92,2.5,0.0,0.0
2,2025-08-06 14:00:15,2025-08-06 15:00:03,1,15.49,1,N,132,208,2,73.7,0.0,0.5,0.0,6.94,1.0,83.89,0.0,1.75,0.0
2,2025-08-06 14:02:29,2025-08-06 14:15:32,1,0.62,1,N,237,237,1,12.1,0.0,0.5,1.0,0.0,1.0,17.85,2.5,0.0,0.75
1,2025-08-06 14:10:31,2025-08-06 15:10:38,1,10.2,1,N,138,230,1,55.5,10.0,0.5,14.8,6.94,1.0,88.74,2.5,1.75,0.75
1,2025-08-06 14:11:43,2025-08-06 14:14:35,1,0.3,1,N,236,236,2,4.4,2.5,0.5,0.0,0.0,1.0,8.4,2.5,0.0,0.0
1,2025-08-06 14:27:36,2025-08-06 14:39:35,1,2.0,1,N,231,164,2,12.8,3.25,0.5,0.0,0.0,1.0,17.55,2.5,0.0,0.75
2,2025-08-06 14:36:22,2025-08-06 14:50:38,2,0.53,1,N,164,162,1,12.8,0.0,0.5,0.0,0.0,1.0,17.55,2.5,0.0,0.75
2,2025-08-06 14:37:14,2025-08-06 15:41:05,1,22.25,2,N,132,13,1,70.0,0.0,0.5,8.0,6.94,1.0,91.44,2.5,1.75,0.75
2,2025-08-06 14:37:36,2025-08-06 14:46:48,1,1.07,1,N,239,238,1,10.0,0.0,0.5,2.8,0.0,1.0,16.8,2.5,0.0,0.0
2,2025-08-06 14:38:47,2025-08-06 14:49:06,3,1.07,1,N,116,42,1,10.7,0.0,0.5,2.44,0.0,1.0,14.64,0.0,0.0,0.0
2,2025-08-06 14:39:23,2025-08-06 14:44:33,1,0.75,1,N,107,224,1,7.2,0.0,0.5,1.0,0.0,1.0,12.95,2.5,0.0,0.75
2,2025-08-06 14:42:28,2025-08-06 15:03:19,1,1.14,1,N,234,100,1,17.7,0.0,0.5,4.49,0.0,1.0,26.94,2.5,0.0,0.75
1,2025-08-06 14:45:01,2025-08-06 15:37:42,1,10.2,99,N,137,134,1,38.5,0.0,0.5,0.0,0.0,0.0,39.0,0.0,0.0,0.0
2,2025-08-06 14:56:57,2025-08-06 15:14:27,1,4.97,1,N,231,233,1,24.7,0.0,0.5,0.0,0.0,1.0,29.45,2.5,0.0,0.75
2,2025-08-06 14:57:57,2025-08-06 15:02:28,1,0.46,1,N,162,162,1,5.8,0.0,0.5,2.0,0.0,1.0,12.55,2.5,0.0,0.75
1,2025-08-06 14:58:20,2025-08-06 16:43:56,1,29.9,99,N,87,86,1,69.5,0.0,0.5,0.0,19.08,0.0,89.08,0.0,0.0,0.0
1,2025-08-06 14:58:29,2025-08-06 15:01:05,1,0.3,1,N,239,239,1,4.4,2.5,0.5,3.0,0.0,1.0,11.4,2.5,0.0,0.0
1,2025-08-06 15:00:24,2025-08-06 15:18:17,1,1.8,99,N,55,11,1,19.5,0.0,0.5,0.0,0.0,0.0,20.0,0.0,0.0,0.0
2,2025-08-06 15:01:04,2025-08-06 15:57:34,1,16.78,2,N,132,164,1,70.0,0.0,0.5,16.69,6.94,1.0,100.13,2.5,1.75,0.75
1,2025-08-06 15:02:43,2025-08-06 15:14:44,1,0.9,1,N,237,163,2,10.7,3.25,0.5,0.0,0.0,1.0,15.45,2.5,0.0,0.75
2,2025-08-06 15:13:38,2025-08-06 15:32:13,1,2.86,1,N,230,263,2,18.4,0.0,0.5,0.0,0.0,1.0,23.15,2.5,0.0,0.75
2,2025-08-06 15:20:01,2025-08-06 15:26:22,1,1.03,1,N,239,142,1,7.9,0.0,0.5,2.38,0.0,1.0,14.28,2.5,0.0,0.0
2,2025-08-06 15:24:10,2025-08-06 15:34:51,2,1.76,1,N,114,13,1,12.8,0.0,0.5,2.0,0.0,1.0,19.55,2.5,0.0,0.75
2,2025-08-06 15:26:01,2025-08-06 16:01:01,1,9.27,1,N,132,138,1,40.8,0.0,0.5,8.46,0.0,1.0,52.51,0.0,1.75,0.0
2,2025-08-06 15:27:14,2025-08-06 15:42:31,1,1.74,1,N,230,236,1,15.6,0.0,0.5,4.07,0.0,1.0,24.42,2.5,0.0,0.75
2,2025-08-06 15:28:05,2025-08-06 15:30:14,1,0.34,1,N,229,140,1,4.4,0.0,0.5,2.75,0.0,1.0,11.9,2.5,0.0,0.75
2,2025-08-06 15:50:53,2025-08-06 16:09:37,1,3.27,1,N,230,262,2,19.8,0.0,0.5,0.0,0.0,1.0,24.55,2.5,0.0,0.75
2,2025-08-06 15:52:41,2025-08-06 16:07:09,1,1.6,1,N,237,161,1,14.2,0.0,0.5,2.0,0.0,1.0,20.95,2.5,0.0,0.75
2,2025-08-06 16:10:24,2025-08-06 16:56:26,3,11.38,1,N,100,138,1,56.9,7.5,0.5,8.0,0.0,1.0,77.15,2.5,0.0,0.75
1,2025-08-06 16:23:44,2025-08-06 17:56:56,1,11.2,99,N,140,3,1,41.5,0.0,0.5,0.0,0.0,0.0,42.0,0.0,0.0,0.0
1,2025-08-06 16:32:01,2025-08-06 16:42:31,1,0.8,1,N,163,48,1,10.0,5.75,0.5,4.3,0.0,1.0,21.55,2.5,0.0,0.75
2,2025-08-06 16:41:08,2025-08-06 16:50:35,2,1.32,1,N,13,87,2,11.4,2.5,0.5,0.0,0.0,1.0,18.65,2.5,0.0,0.75
2,2025-08-06 16:42:14,2025-08-06 16:47:54,1,1.06,1,N,238,142,1,7.9,2.5,0.5,2.88,0.0,1.0,17.28,2.5,0.0,0.0
2,2025-08-06 16:43:32,2025-08-06 17:06:06,1,2.86,1,N,100,238,1,21.9,2.5,0.5,3.0,0.0,1.0,32.15,2.5,0.0,0.75
2,2025-08-06 16:43:56,2025-08-06 17:04:05,1,3.99,1,N,13,48,1,22.6,2.5,0.5,3.0,0.0,1.0,32.85,2.5,0.0,0.75
2,2025-08-06 16:44:38,2025-08-06 17:03:39,3,2.82,1,N,151,230,1,18.4,2.5,0.5,5.13,0.0,1.0,30.78,2.5,0.0,0.75
2,2025-08-06 16:45:53,2025-08-06 17:02:14,1,2.21,1,N,186,79,1,16.3,2.5,0.5,4.71,0.0,1.0,28.26,2.5,0.0,0.75
2,2025-08-06 16:48:16,2025-08-06 17:31:24,1,2.6,1,N,230,230,2,34.5,2.5,0.5,0.0,0.0,1.0,41.75,2.5,0.0,0.75
2,2025-08-06 16:48:57,2025-08-06 17:06:53,1,1.93,5,N,170,112,1,45.0,0.0,0.0,16.86,6.94,1.0,73.05,2.5,0.0,0.75
1,2025-08-06 16:50:07,2025-08-06 16:57:13,1,0.4,1,N,161,161,2,7.9,5.75,0.5,0.0,0.0,1.0,15.15,2.5,0.0,0.75
2,2025-08-06 16:51:48,2025-08-06 17:44:32,2,18.5,2,N,132,75,1,70.0,5.0,0.5,16.69,6.94,1.0,101.88,0.0,1.75,0.0
2,2025-08-06 17:02:50,2025-08-06 18:18:48,4,28.72,2,N,209,132,1,70.0,5.0,0.5,26.01,6.94,1.0,112.7,2.5,0.0,0.75
2,2025-08-06 17:08:55,2025-08-06 17:12:39,2,0.76,1,N,263,263,1,5.8,2.5,0.5,3.08,0.0,1.0,15.38,2.5,0.0,0.0
2,2025-08-06 17:10:44,2025-08-06 17:41:49,2,2.62,1,N,170,239,1,26.8,2.5,0.5,10.21,0.0,1.0,44.26,2.5,0.0,0.75
2,2025-08-06 17:11:19,2025-08-06 17:19:00,1,0.64,1,N,230,186,1,7.9,2.5,0.5,3.03,0.0,1.0,18.18,2.5,0.0,0.75
2,2025-08-06 17:14:00,2025-08-06 17:21:41,1,1.34,1,N,237,263,1,9.3,2.5,0.5,1.0,0.0,1.0,16.8,2.5,0.0,0.0
2,2025-08-06 17:22:21,2025-08-06 18:37:16,3,18.61,2,N,132,163,1,70.0,5.0,0.5,17.34,6.94,1.0,105.78,2.5,1.75,0.75
2,2025-08-06 17:23:02,2025-08-06 17:38:14,1,1.53,1,N,79,186,1,14.9,2.5,0.5,4.43,0.0,1.0,26.58,2.5,0.0,0.75
2,2025-08-06 17:29:08,2025-08-06 17:46:08,5,2.6,1,N,140,239,1,17.0,2.5,0.5,4.7,0.0,1.0,28.2,2.5,0.0,0.0
2,2025-08-06 17:45:38,2025-08-06 18:05:51,1,2.71,1,N,211,170,2,19.1,2.5,0.5,0.0,0.0,1.0,26.35,2.5,0.0,0.75
2,2025-08-06 17:51:43,2025-08-06 18:08:36,1,2.54,1,N,231,234,1,17.0,2.5,0.5,3.64,0.0,1.0,27.89,2.5,0.0,0.75
1,2025-08-06 18:18:38,2025-08-06 18:27:19,1,1.3,1,N,161,236,1,9.3,5.75,0.5,3.3,0.0,1.0,19.85,2.5,0.0,0.75
2,2025-08-06 18:19:36,2025-08-06 18:43:31,1,3.46,1,N,237,79,1,22.6,2.5,0.5,5.97,0.0,1.0,35.82,2.5,0.0,0.75
2,2025-08-06 18:30:49,2025-08-06 18:43:45,1,1.83,1,N,137,249,1,12.8,2.5,0.5,2.0,0.0,1.0,22.05,2.5,0.0,0.75
2,2025-08-06 18:32:00,2025-08-06 18:38:07,1,0.64,1,N,163,161,1,7.2,2.5,0.5,2.89,0.0,1.0,17.34,2.5,0.0,0.75
1,2025-08-06 18:32:07,2025-08-06 18:34:40,1,0.6,1,N,237,236,1,5.1,5.0,0.5,1.5,0.0,1.0,13.1,2.5,0.0,0.0
1,2025-08-06 18:37:02,2025-08-06 18:41:33,1,0.5,1,N,140,140,1,5.8,5.0,0.5,0.0,0.0,1.0,12.3,2.5,0.0,0.0
1,2025-08-06 18:42:06,2025-08-06 18:50:21,1,0.6,1,N,230,230,1,8.6,5.75,0.5,4.75,0.0,1.0,20.6,2.5,0.0,0.75
2,2025-08-06 18:52:20,2025-08-06 19:13:36,1,3.54,1,N,249,33,2,20.5,2.5,0.5,0.0,0.0,1.0,27.75,2.5,0.0,0.75
2,2025-08-06 18:55:24,2025-08-06 19:00:35,1,0.63,1,N,162,170,1,6.5,2.5,0.5,2.75,0.0,1.0,16.5,2.5,0.0,0.75
2,2025-08-06 18:56:19,2025-08-06 19:15:46,1,2.58,1,N,68,144,1,18.4,2.5,0.5,5.13,0.0,1.0,30.78,2.5,0.0,0.75
2,2025-08-06 19:04:54,2025-08-06 19:12:00,4,1.06,1,N,114,107,1,7.9,2.5,0.5,3.03,0.0,1.0,18.18,2.5,0.0,0.75
2,2025-08-06 19:12:02,2025-08-06 19:39:58,1,4.45,1,N,68,262,1,27.5,2.5,0.5,6.95,0.0,1.0,41.7,2.5,0.0,0.75
1,2025-08-06 19:20:58,2025-08-06 19:38:02,1,2.8,1,N,161,263,1,17.7,5.75,0.5,4.95,0.0,1.0,29.9,2.5,0.0,0.75
1,2025-08-06 19:32:20,2025-08-06 20:01:53,1,5.3,1,N,50,112,2,28.2,5.75,0.5,0.0,0.0,1.0,35.45,2.5,0.0,0.75
2,2025-08-06 19:32:33,2025-08-06 19:37:32,1,0.72,1,N,107,170,1,7.2,2.5,0.5,0.0,0.0,1.0,14.45,2.5,0.0,0.75
2,2025-08-06 19:38:44,2025-08-06 19:58:57,1,4.08,1,N,170,238,1,23.3,2.5,0.5,3.0,0.0,1.0,33.55,2.5,0.0,0.75
2,2025-08-06 19:40:12,2025-08-06 20:19:50,1,20.26,1,N,161,123,1,77.9,2.5,0.5,23.02,6.94,1.0,115.11,2.5,0.0,0.75
2,2025-08-06 19:40:15,2025-08-06 20:02:19,1,3.44,1,N,164,238,1,21.9,2.5,0.5,5.83,0.0,1.0,34.98,2.5,0.0,0.75
2,2025-08-06 19:41:17,2025-08-06 19:46:00,1,0.8,1,N,13,231,1,7.2,2.5,0.5,2.89,0.0,1.0,17.34,2.5,0.0,0.75
2,2025-08-06 19:46:19,2025-08-06 20:14:38,1,10.45,1,N,234,181,1,45.7,2.5,0.5,11.98,6.94,1.0,71.87,2.5,0.0,0.75
2,2025-08-06 19:51:42,2025-08-06 20:07:38,1,2.03,1,N,48,107,1,14.9,2.5,0.5,4.43,0.0,1.0,26.58,2.5,0.0,0.75
2,2025-08-06 20:00:36,2025-08-06 20:07:36,2,1.66,1,N,50,68,1,10.0,2.5,0.5,3.45,0.0,1.0,20.7,2.5,0.0,0.75
2,2025-08-06 20:08:37,2025-08-06 20:16:02,1,1.47,1,N,236,75,1,9.3,1.0,0.5,0.0,0.0,1.0,14.3,2.5,0.0,0.0
1,2025-08-06 20:10:02,2025-08-06 20:19:40,1,1.2,1,N,211,13,1,10.7,4.25,0.5,2.5,0.0,1.0,18.95,2.5,0.0,0.75
2,2025-08-06 20:12:10,2025-08-06 20:19:00,1,1.11,1,N,142,163,1,8.6,2.5,0.5,1.5,0.0,1.0,17.35,2.5,0.0,0.75
2,2025-08-06 20:17:34,2025-08-06 20:42:00,1,4.75,1,N,162,223,1,26.8,1.0,0.5,9.76,0.0,1.0,42.31,2.5,0.0,0.75
2,2025-08-06 20:20:46,2025-08-06 20:29:57,1,2.68,1,N,263,74,1,12.8,1.0,0.5,3.0,0.0,1.0,20.8,2.5,0.0,0.0
2,2025-08-06 20:22:21,2025-08-06 20:32:48,1,1.81,1,N,170,113,1,11.4,1.0,0.5,2.0,0.0,1.0,19.15,2.5,0.0,0.75
2,2025-08-06 20:31:32,2025-08-06 20:49:59,1,4.87,1,N,158,237,1,23.3,1.0,0.5,5.81,0.0,1.0,34.86,2.5,0.0,0.75
2,2025-08-06 20:37:08,2025-08-06 20:43:21,1,1.05,1,N,211,113,1,7.9,1.0,0.5,2.73,0.0,1.0,16.38,2.5,0.0,0.75
2,2025-08-06 20:37:39,2025-08-06 20:45:59,1,1.36,1,N,114,209,1,10.0,1.0,0.5,3.15,0.0,1.0,18.9,2.5,0.0,0.75
2,2025-08-06 20:41:10,2025-08-06 20:55:02,2,2.0,1,N,48,137,1,14.2,1.0,0.5,3.0,0.0,1.0,22.95,2.5,0.0,0.75
2,2025-08-06 20:42:45,2025-08-06 20:53:02,3,1.38,1,N,163,233,1,10.7,1.0,0.5,3.29,0.0,1.0,19.74,2.5,0.0,0.75
2,2025-08-06 20:43:26,2025-08-06 21:11:01,1,10.99,1,N,138,142,1,45.0,6.0,0.5,12.39,6.94,1.0,76.08,2.5,1.75,0.0
1,2025-08-06 20:46:05,2025-08-06 21:34:39,1,6.2,99,N,24,169,1,30.5,0.0,0.5,0.0,0.0,0.0,31.0,0.0,0.0,0.0
2,2025-08-06 21:03:53,2025-08-06 21:11:04,1,1.13,1,N,163,141,1,9.3,1.0,0.5,3.01,0.0,1.0,18.06,2.5,0.0,0.75
1,2025-08-06 21:04:29,2025-08-06 21:20:07,1,2.0,1,N,141,162,1,14.9,4.25,0.5,3.0,0.0,1.0,23.65,2.5,0.0,0.75
2,2025-08-06 21:06:17,2025-08-06 21:15:27,3,1.29,1,N,13,211,2,10.7,1.0,0.5,0.0,0.0,1.0,16.45,2.5,0.0,0.75
2,2025-08-06 21:12:29,2025-08-06 21:29:34,1,1.76,1,N,68,164,1,15.6,1.0,0.5,4.27,0.0,1.0,25.62,2.5,0.0,0.75
2,2025-08-06 21:17:55,2025-08-06 21:42:11,1,6.67,1,N,88,262,1,31.0,1.0,0.5,4.0,0.0,1.0,40.0,2.5,0.0,0.0
2,2025-08-06 21:19:20,2025-08-06 21:34:44,1,2.1,1,N,234,162,1,15.6,1.0,0.5,4.27,0.0,1.0,25.62,2.5,0.0,0.75
2,2025-08-06 21:20:57,2025-08-06 21:45:29,1,5.87,1,N,107,255,1,29.6,1.0,0.5,2.0,0.0,1.0,37.35,2.5,0.0,0.75
2,2025-08-06 21:25:31,2025-08-06 21:36:45,2,1.54,1,N,143,230,1,12.1,1.0,0.5,3.57,0.0,1.0,21.42,2.5,0.0,0.75
2,2025-08-06 21:25:49,2025-08-06 21:43:44,1,3.55,1,N,142,75,1,19.8,1.0,0.5,4.96,0.0,1.0,29.76,2.5,0.0,0.0
2,2025-08-06 21:28:22,2025-08-06 21:44:13,1,1.23,1,N,161,163,1,14.2,1.0,0.5,1.0,0.0,1.0,20.95,2.5,0.0,0.75
2,2025-08-06 21:31:39,2025-08-06 21:42:17,2,1.72,1,N,142,186,1,11.4,1.0,0.5,3.43,0.0,1.0,20.58,2.5,0.0,0.75
2,2025-08-06 21:37:23,2025-08-06 21:42:22,1,0.95,1,N,68,249,1,7.2,1.0,0.5,2.59,0.0,1.0,15.54,2.5,0.0,0.75
2,2025-08-06 21:39:08,2025-08-06 21:44:59,3,0.57,1,N,48,230,1,7.2,1.0,0.5,2.59,0.0,1.0,15.54,2.5,0.0,0.75
1,2025-08-06 21:49:46,2025-08-06 21:52:47,1,0.8,1,N,100,90,1,5.8,4.25,0.5,2.9,0.0,1.0,14.45,2.5,0.0,0.75
2,2025-08-06 21:51:55,2025-08-06 22:06:43,1,2.6,1,N,162,239,1,16.3,1.0,0.5,10.0,0.0,1.0,32.05,2.5,0.0,0.75
2,2025-08-06 21:56:33,2025-08-06 22:11:35,1,1.71,1,N,234,161,1,14.9,1.0,0.5,2.0,0.0,1.0,22.65,2.5,0.0,0.75
2,2025-08-06 21:57:40,2025-08-06 22:11:30,2,1.91,1,N,79,90,1,13.5,1.0,0.5,2.0,0.0,1.0,21.25,2.5,0.0,0.75
2,2025-08-06 21:58:02,2025-08-06 22:19:51,5,3.84,1,N,163,231,1,21.9,1.0,0.5,5.53,0.0,1.0,33.18,2.5,0.0,0.75
2,2025-08-06 22:00:45,2025-08-06 22:17:45,1,2.36,1,N,230,107,1,17.0,1.0,0.5,4.1,0.0,1.0,26.85,2.5,0.0,0.75
2,2025-08-06 22:03:43,2025-08-06 22:13:10,1,1.86,1,N,234,231,1,11.4,1.0,0.5,3.43,0.0,1.0,20.58,2.5,0.0,0.75
2,2025-08-06 22:10:18,2025-08-06 22:16:16,1,0.99,1,N,13,87,1,7.2,1.0,0.5,2.59,0.0,1.0,15.54,2.5,0.0,0.75
2,2025-08-06 22:22:21,2025-08-06 22:36:17,4,2.81,1,N,231,186,1,16.3,1.0,0.5,2.0,0.0,1.0,24.05,2.5,0.0,0.75
2,2025-08-06 22:23:23,2025-08-06 23:28:38,1,17.66,1,N,132,112,1,80.0,1.0,0.5,8.0,0.0,1.0,92.25,0.0,1.75,0.0
1,2025-08-06 22:23:51,2025-08-06 23:19:37,1,20.0,2,N,132,151,1,70.0,1.75,0.5,16.05,6.94,1.0,96.24,0.0,1.75,0.0
1,2025-08-06 22:41:05,2025-08-06 22:53:06,1,2.5,1,N,186,144,1,13.5,4.25,0.5,4.8,0.0,1.0,24.05,2.5,0.0,0.75
2,2025-08-06 22:41:27,2025-08-06 22:53:23,1,2.01,1,N,161,107,1,12.8,1.0,0.5,2.0,0.0,1.0,20.55,2.5,0.0,0.75
1,2025-08-06 22:41:50,2025-08-06 22:50:58,1,1.8,1,N,48,90,1,10.0,4.25,0.5,2.0,0.0,1.0,17.75,2.5,0.0,0.75
1,2025-08-06 22:41:50,2025-08-06 22:58:12,1,2.6,1,N,142,107,1,14.9,4.25,0.5,3.75,0.0,1.0,24.4,2.5,0.0,0.75
2,2025-08-06 22:44:18,2025-08-06 23:11:42,1,5.04,1,N,249,141,2,28.9,1.0,0.5,0.0,0.0,1.0,34.65,2.5,0.0,0.75
1,2025-08-06 22:46:12,2025-08-06 22:50:08,1,0.8,1,N,239,238,1,6.5,3.5,0.5,2.0,0.0,1.0,13.5,2.5,0.0,0.0
2,2025-08-06 22:46:16,2025-08-06 23:18:55,1,9.23,1,N,132,39,4,43.6,1.0,0.5,0.0,0.0,1.0,51.1,2.5,1.75,0.75
2,2025-08-06 22:49:35,2025-08-06 23:04:17,4,5.23,1,N,132,38,1,22.6,1.0,0.5,0.0,0.0,1.0,26.85,0.0,1.75,0.0
2,2025-08-06 22:52:19,2025-08-06 23:02:27,3,1.35,1,N,230,234,1,10.7,1.0,0.5,3.29,0.0,1.0,19.74,2.5,0.0,0.75
2,2025-08-06 22:57:04,2025-08-06 23:15:04,1,5.03,1,N,113,66,1,25.4,1.0,0.5,6.23,0.0,1.0,37.38,2.5,0.0,0.75
2,2025-08-06 22:58:03,2025-08-06 23:17:54,1,8.34,1,N,231,263,1,33.8,1.0,0.5,3.96,0.0,1.0,43.51,2.5,0.0,0.75
1,2025-08-06 23:04:13,2025-08-06 23:13:05,1,1.7,1,N,234,50,1,10.0,4.25,0.5,3.15,0.0,1.0,18.9,2.5,0.0,0.75
2,2025-08-06 23:35:00,2025-08-06 23:46:28,1,3.29,1,N,79,237,1,15.6,1.0,0.5,4.27,0.0,1.0,25.62,2.5,0.0,0.75
2,2025-08-06 23:46:52,2025-08-06 23:50:27,1,0.73,1,N,234,107,1,5.8,1.0,0.5,2.2,0.0,1.0,13.75,2.5,0.0,0.75
2,2025-08-06 23:57:59,2025-08-07 00:01:00,1,0.87,1,N,137,79,1,5.8,1.0,0.5,0.0,0.0,1.0,11.55,2.5,0.0,0.75
2,2025-08-07 00:51:09,2025-08-07 00:55:15,1,1.16,1,N,231,125,1,7.2,1.0,0.5,0.0,0.0,1.0,12.95,2.5,0.0,0.75
2,2025-08-07 00:54:10,2025-08-07 01:06:23,1,1.55,1,N,249,79,2,12.8,1.0,0.5,0.0,0.0,1.0,18.55,2.5,0.0,0.75
2,2025-08-07 01:15:29,2025-08-07 01:29:42,1,6.42,1,N,132,76,1,26.1,1.0,0.5,0.0,0.0,1.0,30.35,0.0,1.75,0.0
2,2025-08-07 04:33:43,2025-08-07 04:37:29,2,0.61,1,N,48,186,2,5.8,1.0,0.5,0.0,0.0,1.0,11.55,2.5,0.0,0.75
2,2025-08-07 06:08:47,2025-08-07 06:12:46,1,0.76,1,N,186,230,1,6.5,0.0,0.5,1.35,0.0,1.0,12.6,2.5,0.0,0.75
2,2025-08-07 07:02:27,2025-08-07 07:08:31,1,0.92,1,N,229,237,1,7.9,0.0,0.5,2.35,0.0,1.0,15.0,2.5,0.0,0.75
1,2025-08-07 07:04:57,2025-08-07 07:14:03,1,2.5,1,N,229,75,1,12.8,3.25,0.5,3.0,0.0,1.0,20.55,2.5,0.0,0.75
2,2025-08-07 07:14:08,2025-08-07 07:31:28,1,8.52,1,N,263,138,1,34.5,5.0,0.5,10.09,6.94,1.0,60.53,2.5,0.0,0.0
2,2025-08-07 07:17:37,2025-08-07 07:23:29,1,1.64,1,N,237,75,1,9.3,0.0,0.5,1.33,0.0,1.0,14.63,2.5,0.0,0.0
1,2025-08-07 07:40:28,2025-08-07 08:10:23,1,8.0,99,N,201,210,1,33.5,0.0,0.5,0.0,0.0,0.0,34.0,0.0,0.0,0.0
2,2025-08-07 07:50:50,2025-08-07 08:01:57,4,1.06,1,N,233,100,1,10.7,0.0,0.5,1.55,0.0,1.0,17.0,2.5,0.0,0.75
1,2025-08-07 07:52:33,2025-08-07 07:57:08,1,1.0,1,N,90,170,1,7.2,3.25,0.5,1.0,0.0,1.0,12.95,2.5,0.0,0.75
2,2025-08-07 08:03:50,2025-08-07 08:13:55,1,1.32,1,N,170,230,1,10.7,0.0,0.5,3.09,0.0,1.0,18.54,2.5,0.0,0.75
2,2025-08-07 08:07:14,2025-08-07 08:15:13,1,1.11,1,N,140,236,1,9.3,0.0,0.5,3.33,0.0,1.0,16.63,2.5,0.0,0.0
2,2025-08-07 08:25:33,2025-08-07 09:05:44,1,8.91,1,N,138,162,1,44.3,5.0,0.5,12.2,6.94,1.0,74.94,2.5,1.75,0.75
2,2025-08-07 08:29:35,2025-08-07 08:40:48,1,1.61,1,N,143,230,1,12.1,0.0,0.5,1.5,0.0,1.0,18.35,2.5,0.0,0.75
1,2025-08-07 08:43:34,2025-08-07 09:04:18,1,3.5,1,N,151,161,1,21.2,3.25,0.5,4.25,0.0,1.0,30.2,2.5,0.0,0.75
2,2025-08-07 08:47:43,2025-08-07 09:05:14,1,2.68,1,N,234,13,1,19.1,0.0,0.5,4.77,0.0,1.0,28.62,2.5,0.0,0.75
2,2025-08-07 09:01:06,2025-08-07 09:32:43,1,5.73,1,N,236,158,1,32.4,0.0,0.5,2.0,0.0,1.0,39.15,2.5,0.0,0.75
1,2025-08-07 09:05:17,2025-08-07 09:09:31,1,0.3,1,N,48,230,1,5.8,3.25,0.5,0.0,0.0,1.0,10.55,2.5,0.0,0.75
2,2025-08-07 09:06:49,2025-08-07 09:26:33,1,1.42,1,N,163,233,2,17.0,0.0,0.5,0.0,0.0,1.0,21.75,2.5,0.0,0.75
2,2025-08-07 09:09:02,2025-08-07 09:25:54,1,2.74,1,N,262,142,1,17.7,0.0,0.5,4.34,0.0,1.0,26.04,2.5,0.0,0.0
1,2025-08-07 09:11:55,2025-08-07 09:18:13,1,0.8,1,N,236,263,2,7.9,2.5,0.5,0.0,0.0,1.0,11.9,2.5,0.0,0.0
1,2025-08-07 09:16:30,2025-08-07 09:25:08,1,1.2,1,N,140,236,1,9.3,2.5,0.5,1.0,0.0,1.0,14.3,2.5,0.0,0.0
2,2025-08-07 09:20:25,2025-08-07 09:31:19,1,1.94,1,N,238,142,1,13.5,0.0,0.5,3.65,0.0,1.0,21.9,2.5,0.0,0.75
2,2025-08-07 09:32:28,2025-08-07 10:07:09,1,3.8,1,N,142,137,1,31.0,0.0,0.5,3.58,0.0,1.0,39.33,2.5,0.0,0.75
1,2025-08-07 09:42:28,2025-08-07 09:51:44,1,1.6,1,N,236,163,1,10.7,3.25,0.5,2.32,0.0,1.0,17.77,2.5,0.0,0.75
2,2025-08-07 09:45:41,2025-08-07 10:00:44,1,2.53,1,N,79,100,1,15.6,0.0,0.5,4.07,0.0,1.0,24.42,2.5,0.0,0.75
1,2025-08-07 10:00:23,2025-08-07 10:07:01,2,0.7,1,N,237,163,1,7.9,3.25,0.5,2.5,0.0,1.0,15.15,2.5,0.0,0.75
2,2025-08-07 10:06:39,2025-08-07 10:22:27,1,1.34,1,N,107,230,1,14.2,0.0,0.5,1.0,0.0,1.0,19.95,2.5,0.0,0.75
2,2025-08-07 10:17:49,2025-08-07 10:46:03,1,1.73,1,N,246,48,1,23.3,0.0,0.5,5.61,0.0,1.0,33.66,2.5,0.0,0.75
2,2025-08-07 10:29:45,2025-08-07 10:42:10,1,1.99,1,N,43,43,1,13.5,0.0,0.5,3.0,0.0,1.0,20.5,2.5,0.0,0.0
2,2025-08-07 10:41:09,2025-08-07 10:51:36,1,1.36,1,N,43,142,1,11.4,0.0,0.5,3.08,0.0,1.0,18.48,2.5,0.0,0.0
1,2025-08-07 10:49:05,2025-08-07 10:53:05,1,0.7,1,N,170,137,1,5.8,3.25,0.5,2.65,0.0,1.0,13.2,2.5,0.0,0.75
2,2025-08-07 11:02:37,2025-08-07 11:28:41,1,2.3,1,N,68,161,1,22.6,0.0,0.5,5.47,0.0,1.0,32.82,2.5,0.0,0.75
2,2025-08-07 11:03:24,2025-08-07 11:10:44,1,1.11,1,N,236,237,1,9.3,0.0,0.5,3.99,0.0,1.0,17.29,2.5,0.0,0.0
2,2025-08-07 11:14:27,2025-08-07 11:16:55,1,0.5,1,N,151,238,1,5.1,0.0,0.5,1.32,0.0,1.0,7.92,0.0,0.0,0.0
2,2025-08-07 11:19:46,2025-08-07 11:25:20,1,1.14,1,N,236,141,1,7.9,0.0,0.5,3.57,0.0,1.0,15.47,2.5,0.0,0.0
1,2025-08-07 11:23:41,2025-08-07 11:50:12,1,3.6,1,N,163,151,1,23.3,3.25,0.5,2.0,0.0,1.0,30.05,2.5,0.0,0.75
2,2025-08-07 11:33:38,2025-08-07 11:45:34,1,1.58,1,N,237,164,1,12.8,0.0,0.5,3.51,0.0,1.0,21.06,2.5,0.0,0.75
2,2025-08-07 11:36:52,2025-08-07 11:54:28,1,1.6,1,N,140,262,1,15.6,0.0,0.5,4.07,0.0,1.0,24.42,2.5,0.0,0.75
1,2025-08-07 11:42:21,2025-08-07 12:22:58,1,11.8,1,N,138,230,2,52.0,10.0,0.5,0.0,6.94,1.0,70.44,2.5,1.75,0.75
2,2025-08-07 11:51:11,2025-08-07 11:54:51,2,0.31,1,N,162,237,1,5.1,0.0,0.5,0.98,0.0,1.0,10.83,2.5,0.0,0.75
1,2025-08-07 12:07:05,2025-08-07 12:29:49,1,3.3,1,N,186,148,1,22.6,3.25,0.5,5.45,0.0,1.0,32.8,2.5,0.0,0.75
2,2025-08-07 12:14:06,2025-08-07 12:35:06,1,2.98,1,N,231,170,2,19.8,0.0,0.5,0.0,0.0,1.0,24.55,2.5,0.0,0.75
1,2025-08-07 12:22:48,2025-08-07 12:48:52,1,10.1,99,N,26,39,1,27.5,0.0,0.5,0.0,0.0,0.0,28.0,0.0,0.0,0.0
2,2025-08-07 12:38:37,2025-08-07 12:51:48,1,1.66,1,N,140,229,1,13.5,0.0,0.5,1.0,0.0,1.0,19.25,2.5,0.0,0.75
2,2025-08-07 12:41:24,2025-08-07 13:08:59,2,3.66,1,N,113,140,1,24.7,0.0,0.5,5.0,0.0,1.0,34.45,2.5,0.0,0.75
2,2025-08-07 12:41:55,2025-08-07 13:00:55,3,2.81,1,N,249,12,1,18.4,0.0,0.5,0.0,0.0,1.0,23.15,2.5,0.0,0.75
1,2025-08-07 12:47:58,2025-08-07 12:57:24,1,1.2,1,N,236,237,1,9.3,2.5,0.5,2.65,0.0,1.0,15.95,2.5,0.0,0.0
2,2025-08-07 13:05:16,2025-08-07 13:20:26,1,1.59,1,N,237,163,1,14.2,0.0,0.5,3.79,0.0,1.0,22.74,2.5,0.0,0.75
2,2025-08-07 13:06:21,2025-08-07 13:18:43,2,1.58,1,N,161,170,1,12.1,0.0,0.5,5.06,0.0,1.0,21.91,2.5,0.0,0.75
2,2025-08-07 13:07:34,2025-08-07 13:17:27,1,1.19,1,N,163,143,2,10.7,0.0,0.5,0.0,0.0,1.0,15.45,2.5,0.0,0.75
2,2025-08-07 13:09:42,2025-08-07 13:21:31,1,0.49,1,N,246,48,1,11.4,0.0,0.5,3.23,0.0,1.0,19.38,2.5,0.0,0.75
2,2025-08-07 13:11:16,2025-08-07 13:24:21,1,1.9,1,N,151,75,1,13.5,0.0,0.5,3.0,0.0,1.0,18.0,0.0,0.0,0.0
2,2025-08-07 13:15:34,2025-08-07 13:21:45,1,0.98,1,N,237,262,1,7.9,0.0,0.5,1.75,0.0,1.0,13.65,2.5,0.0,0.0
2,2025-08-07 13:17:19,2025-08-07 14:00:09,1,6.07,1,N,142,69,1,38.0,0.0,0.5,0.0,0.0,1.0,42.75,2.5,0.0,0.75
2,2025-08-07 13:22:34,2025-08-07 13:29:50,1,1.31,1,N,236,239,1,9.3,0.0,0.5,1.7,0.0,1.0,15.0,2.5,0.0,0.0
2,2025-08-07 13:28:20,2025-08-07 13:40:38,2,0.42,1,N,100,230,1,11.4,0.0,0.5,3.23,0.0,1.0,19.38,2.5,0.0,0.75
2,2025-08-07 13:29:54,2025-08-07 13:38:09,1,0.8,1,N,161,229,4,8.6,0.0,0.5,0.0,0.0,1.0,13.35,2.5,0.0,0.75
2,2025-08-07 13:34:39,2025-08-07 13:53:59,2,1.78,1,N,186,107,1,17.7,0.0,0.5,4.49,0.0,1.0,26.94,2.5,0.0,0.75
2,2025-08-07 13:37:19,2025-08-07 13:59:01,1,3.41,1,N,263,42,1,21.9,0.0,0.5,6.47,0.0,1.0,32.37,2.5,0.0,0.0
1,2025-08-07 13:45:29,2025-08-07 13:58:40,1,1.9,1,N,144,170,1,12.8,3.25,0.5,1.0,0.0,1.0,18.55,2.5,0.0,0.75
1,2025-08-07 13:51:09,2025-08-07 14:08:52,1,2.5,1,N,24,237,1,17.0,2.5,0.5,5.25,0.0,1.0,26.25,2.5,0.0,0.0
1,2025-08-07 13:53:08,2025-08-07 14:03:57,1,1.4,1,N,236,262,1,10.7,2.5,0.5,1.0,0.0,1.0,15.7,2.5,0.0,0.0
2,2025-08-07 14:06:56,2025-08-07 14:16:26,1,1.41,1,N,211,107,2,10.7,0.0,0.5,0.0,0.0,1.0,15.45,2.5,0.0,0.75
2,2025-08-07 14:07:58,2025-08-07 14:37:47,1,5.36,1,N,230,12,1,31.0,0.0,0.5,7.15,0.0,1.0,42.9,2.5,0.0,0.75
2,2025-08-07 14:10:42,2025-08-07 14:22:57,2,0.92,1,N,163,230,1,11.4,0.0,0.5,1.0,0.0,1.0,17.15,2.5,0.0,0.75
2,2025-08-07 14:12:55,2025-08-07 14:34:58,1,3.57,1,N,239,74,1,21.9,0.0,0.5,6.47,0.0,1.0,32.37,2.5,0.0,0.0
2,2025-08-07 14:19:20,2025-08-07 14:21:22,1,0.31,1,N,107,164,1,4.4,0.0,0.5,1.0,0.0,1.0,10.15,2.5,0.0,0.75
1,2025-08-07 14:19:23,2025-08-07 14:53:23,1,3.8,99,N,236,42,1,24.5,0.0,0.5,0.0,0.0,0.0,25.0,0.0,0.0,0.0
2,2025-08-07 14:23:20,2025-08-07 14:35:45,1,2.65,1,N,48,236,1,14.9,0.0,0.5,2.88,0.0,1.0,22.53,2.5,0.0,0.75
2,2025-08-07 14:30:23,2025-08-07 14:37:35,1,0.53,1,N,237,237,1,7.9,0.0,0.5,2.38,0.0,1.0,14.28,2.5,0.0,0.0
2,2025-08-07 14:54:22,2025-08-07 15:21:32,1,5.56,1,N,261,234,1,30.3,0.0,0.5,1.0,0.0,1.0,36.05,2.5,0.0,0.75
2,2025-08-07 14:57:55,2025-08-07 15:04:01,1,1.06,1,N,249,186,1,7.9,0.0,0.5,3.16,0.0,1.0,15.81,2.5,0.0,0.75
2,2025-08-07 15:00:14,2025-08-07 15:09:04,1,1.36,1,N,90,224,1,10.0,0.0,0.5,2.95,0.0,1.0,17.7,2.5,0.0,0.75
2,2025-08-07 15:00:17,2025-08-07 15:24:40,1,2.73,1,N,137,236,1,21.9,0.0,0.5,5.33,0.0,1.0,31.98,2.5,0.0,0.75
1,2025-08-07 15:03:29,2025-08-07 16:26:05,1,16.6,2,N,239,132,1,70.0,3.25,0.5,10.0,0.0,1.0,84.75,2.5,0.0,0.75
2,2025-08-07 15:08:04,2025-08-07 16:28:46,3,17.54,2,N,132,230,1,70.0,0.0,0.5,16.34,6.94,1.0,99.78,2.5,1.75,0.75
2,2025-08-07 15:10:28,2025-08-07 15:19:48,1,1.05,1,N,113,211,1,9.3,0.0,0.5,1.4,0.0,1.0,15.45,2.5,0.0,0.75
2,2025-08-07 15:12:56,2025-08-07 15:41:57,1,3.81,1,N,239,164,1,26.8,0.0,0.5,0.0,0.0,1.0,31.55,2.5,0.0,0.75
2,2025-08-07 15:22:44,2025-08-07 15:27:09,1,0.59,1,N,90,68,1,6.5,0.0,0.5,2.25,0.0,1.0,13.5,2.5,0.0,0.75
1,2025-08-07 15:24:07,2025-08-07 15:40:47,2,2.5,1,N,107,237,1,17.0,3.25,0.5,4.35,0.0,1.0,26.1,2.5,0.0,0.75
2,2025-08-07 15:26:57,2025-08-07 16:37:18,1,16.7,2,N,148,132,1,70.0,0.0,0.5,10.0,0.0,1.0,84.75,2.5,0.0,0.75
2,2025-08-07 15:33:00,2025-08-07 16:02:41,2,2.84,1,N,140,100,1,25.4,0.0,0.5,6.03,0.0,1.0,36.18,2.5,0.0,0.75
2,2025-08-07 15:42:16,2025-08-07 15:55:04,3,1.76,1,N,114,68,1,13.5,0.0,0.5,3.5,0.0,1.0,21.75,2.5,0.0,0.75
2,2025-08-07 15:49:41,2025-08-07 16:11:33,1,1.5,1,N,161,68,1,19.1,0.0,0.5,4.77,0.0,1.0,28.62,2.5,0.0,0.75
2,2025-08-07 15:59:37,2025-08-07 16:06:07,3,0.46,1,N,107,164,1,7.2,0.0,0.5,2.99,0.0,1.0,14.94,2.5,0.0,0.75
1,2025-08-07 16:00:12,2025-08-07 17:01:51,1,8.8,99,N,81,42,1,35.5,0.0,0.5,0.0,0.0,0.0,36.0,0.0,0.0,0.0
2,2025-08-07 16:05:01,2025-08-07 16:32:12,1,4.36,1,N,163,179,1,26.8,2.5,0.5,0.0,0.0,1.0,34.05,2.5,0.0,0.75
1,2025-08-07 16:06:24,2025-08-07 16:18:55,1,2.6,3,N,142,166,3,34.2,2.5,0.0,0.0,0.0,1.0,37.7,0.0,0.0,0.0
2,2025-08-07 16:10:45,2025-08-07 16:27:40,2,1.28,1,N,140,161,2,14.9,2.5,0.5,0.0,0.0,1.0,22.15,2.5,0.0,0.75
2,2025-08-07 16:23:03,2025-08-07 16:49:21,1,3.52,1,N,161,151,1,24.7,2.5,0.5,3.0,0.0,1.0,34.95,2.5,0.0,0.75
2,2025-08-07 16:28:33,2025-08-07 17:12:07,3,12.37,1,N,138,186,1,55.5,7.5,0.5,10.0,6.94,1.0,86.44,2.5,1.75,0.75
2,2025-08-07 16:31:04,2025-08-07 16:44:13,1,2.14,1,N,237,75,4,12.8,2.5,0.5,0.0,0.0,1.0,19.3,2.5,0.0,0.0
2,2025-08-07 16:40:52,2025-08-07 17:12:38,1,7.37,1,N,237,13,1,36.6,2.5,0.5,8.77,0.0,1.0,52.62,2.5,0.0,0.75
2,2025-08-07 16:53:21,2025-08-07 17:21:38,1,1.78,1,N,142,68,1,24.0,2.5,0.5,6.25,0.0,1.0,37.5,2.5,0.0,0.75
2,2025-08-07 16:55:52,2025-08-07 17:03:09,2,0.48,1,N,186,164,1,7.9,2.5,0.5,3.03,0.0,1.0,18.18,2.5,0.0,0.75
1,2025-08-07 17:01:24,2025-08-07 17:27:20,1,2.1,1,N,141,164,1,21.2,5.75,0.5,5.7,0.0,1.0,34.15,2.5,0.0,0.75
1,2025-08-07 17:07:25,2025-08-07 17:17:21,1,0.8,1,N,90,68,1,8.6,5.75,0.5,3.15,0.0,1.0,19.0,2.5,0.0,0.75
1,2025-08-07 17:16:33,2025-08-07 17:26:57,1,1.1,1,N,229,137,1,10.7,5.75,0.5,1.0,0.0,1.0,18.95,2.5,0.0,0.75
2,2025-08-07 17:21:20,2025-08-07 17:46:02,1,3.8,1,N,140,166,1,23.3,2.5,0.5,5.96,0.0,1.0,35.76,2.5,0.0,0.0
2,2025-08-07 17:23:36,2025-08-07 17:30:27,1,1.6,1,N,13,87,1,10.0,2.5,0.5,3.45,0.0,1.0,20.7,2.5,0.0,0.75
1,2025-08-07 17:26:35,2025-08-07 19:07:21,1,19.3,99,N,191,174,1,47.5,0.0,0.5,0.0,6.94,0.0,54.94,0.0,0.0,0.0
2,2025-08-07 17:28:08,2025-08-07 17:44:45,1,4.86,1,N,107,87,1,23.3,2.5,0.5,6.11,0.0,1.0,36.66,2.5,0.0,0.75
1,2025-08-07 17:29:48,2025-08-07 17:57:35,1,3.8,1,N,237,4,1,24.0,5.75,0.5,7.8,0.0,1.0,39.05,2.5,0.0,0.75
2,2025-08-07 17:40:20,2025-08-07 17:50:28,1,1.22,1,N,237,161,1,10.7,2.5,0.5,3.59,0.0,1.0,21.54,2.5,0.0,0.75
2,2025-08-07 17:43:05,2025-08-07 18:11:48,1,5.31,1,N,234,49,1,30.3,2.5,0.5,7.51,0.0,1.0,45.06,2.5,0.0,0.75
2,2025-08-07 17:48:17,2025-08-07 17:48:38,1,0.05,1,N,79,79,4,3.0,2.5,0.5,0.0,0.0,1.0,10.25,2.5,0.0,0.75
1,2025-08-07 18:08:32,2025-08-07 18:17:06,1,0.7,1,N,90,68,1,8.6,5.75,0.5,3.15,0.0,1.0,19.0,2.5,0.0,0.75
2,2025-08-07 18:13:57,2025-08-07 18:28:47,1,1.35,1,N,161,143,1,13.5,2.5,0.5,4.15,0.0,1.0,24.9,2.5,0.0,0.75
2,2025-08-07 18:14:57,2025-08-07 18:26:49,1,1.0,1,N,234,186,1,11.4,2.5,0.5,2.8,0.0,1.0,21.45,2.5,0.0,0.75
2,2025-08-07 18:15:20,2025-08-07 18:29:23,1,2.06,1,N,237,239,1,14.9,2.5,0.5,1.5,0.0,1.0,22.9,2.5,0.0,0.0
1,2025-08-07 18:17:39,2025-08-07 18:38:45,1,1.6,1,N,162,68,1,17.7,5.75,0.5,6.25,0.0,1.0,31.2,2.5,0.0,0.75
2,2025-08-07 18:19:26,2025-08-07 18:31:46,1,0.74,1,N,161,233,1,11.4,2.5,0.5,3.73,0.0,1.0,22.38,2.5,0.0,0.75
2,2025-08-07 18:20:32,2025-08-07 18:50:32,2,3.34,1,N,231,163,1,26.8,2.5,0.5,6.81,0.0,1.0,40.86,2.5,0.0,0.75
2,2025-08-07 18:22:25,2025-08-07 18:46:12,1,5.23,1,N,164,226,2,27.5,2.5,0.5,0.0,6.94,1.0,41.69,2.5,0.0,0.75
2,2025-08-07 18:25:54,2025-08-07 18:42:47,1,1.45,1,N,163,164,2,14.9,2.5,0.5,0.0,0.0,1.0,22.15,2.5,0.0,0.75
2,2025-08-07 18:43:36,2025-08-07 18:56:35,1,1.62,1,N,234,211,1,13.5,2.5,0.5,4.15,0.0,1.0,24.9,2.5,0.0,0.75
2,2025-08-07 18:43:55,2025-08-07 18:51:06,1,1.11,1,N,144,232,1,8.6,2.5,0.5,0.0,0.0,1.0,15.85,2.5,0.0,0.75
2,2025-08-07 18:46:06,2025-08-07 19:04:09,1,2.74,1,N,116,238,1,18.4,0.0,0.5,4.48,0.0,1.0,26.88,2.5,0.0,0.0
2,2025-08-07 18:46:15,2025-08-07 18:50:35,1,0.52,1,N,164,170,1,5.8,2.5,0.5,1.3,0.0,1.0,14.35,2.5,0.0,0.75
2,2025-08-07 18:50:48,2025-08-07 19:00:10,1,1.75,1,N,141,236,1,10.7,2.5,0.5,3.44,0.0,1.0,20.64,2.5,0.0,0.0
1,2025-08-07 18:53:38,2025-08-07 19:28:57,1,4.6,1,N,236,114,1,30.3,5.75,0.5,9.4,0.0,1.0,46.95,2.5,0.0,0.75
2,2025-08-07 18:56:36,2025-08-07 19:08:55,1,1.19,1,N,162,164,1,12.1,2.5,0.5,3.87,0.0,1.0,23.22,2.5,0.0,0.75
2,2025-08-07 18:57:03,2025-08-07 19:48:21,1,17.68,2,N,132,79,1,70.0,5.0,0.5,17.34,6.94,1.0,105.78,2.5,1.75,0.75
2,2025-08-07 19:08:43,2025-08-07 19:27:59,1,2.17,1,N,161,79,1,17.7,2.5,0.5,0.0,0.0,1.0,24.95,2.5,0.0,0.75
2,2025-08-07 19:21:28,2025-08-07 19:37:47,1,1.92,1,N,137,114,1,15.6,2.5,0.5,4.57,0.0,1.0,27.42,2.5,0.0,0.75
2,2025-08-07 19:28:48,2025-08-07 19:34:06,1,1.3,1,N,239,238,1,7.9,2.5,0.5,2.88,0.0,1.0,17.28,2.5,0.0,0.0
2,2025-08-07 19:28:56,2025-08-07 19:36:48,1,0.76,1,N,231,88,1,8.6,2.5,0.5,3.17,0.0,1.0,19.02,2.5,0.0,0.75
2,2025-08-07 19:43:52,2025-08-07 20:13:38,2,5.18,1,N,107,238,1,28.9,2.5,0.5,7.23,0.0,1.0,43.38,2.5,0.0,0.75
2,2025-08-07 19:49:05,2025-08-07 19:55:15,1,1.38,1,N,186,249,1,8.6,2.5,0.5,3.17,0.0,1.0,19.02,2.5,0.0,0.75
1,2025-08-07 19:53:35,2025-08-07 20:14:36,1,4.4,1,N,43,186,1,21.9,5.75,0.5,7.25,0.0,1.0,36.4,2.5,0.0,0.75
2,2025-08-07 19:59:36,2025-08-07 20:23:51,1,4.64,1,N,211,145,1,26.1,2.5,0.5,6.04,6.94,1.0,46.33,2.5,0.0,0.75
2,2025-08-07 20:01:16,2025-08-07 20:18:02,2,2.75,1,N,255,97,1,16.3,1.0,0.5,3.76,0.0,1.0,22.56,0.0,0.0,0.0
2,2025-08-07 20:07:11,2025-08-07 20:11:32,1,0.45,1,N,48,230,1,5.8,1.0,0.5,0.0,0.0,1.0,11.55,2.5,0.0,0.75
2,2025-08-07 20:19:21,2025-08-07 20:23:41,2,0.55,1,N,163,50,1,6.5,1.0,0.5,2.45,0.0,1.0,14.7,2.5,0.0,0.75
2,2025-08-07 20:19:28,2025-08-07 20:28:45,1,1.57,1,N,142,186,1,10.7,1.0,0.5,2.5,0.0,1.0,18.95,2.5,0.0,0.75
2,2025-08-07 20:22:30,2025-08-07 20:41:16,2,5.3,1,N,236,79,1,24.7,1.0,0.5,3.0,0.0,1.0,33.45,2.5,0.0,0.75
2,2025-08-07 20:26:30,2025-08-07 20:44:10,1,4.27,1,N,246,24,1,22.6,1.0,0.5,5.67,0.0,1.0,34.02,2.5,0.0,0.75
2,2025-08-07 20:36:56,2025-08-07 20:47:14,1,1.32,1,N,230,170,1,10.7,1.0,0.5,3.0,0.0,1.0,19.45,2.5,0.0,0.75
2,2025-08-07 20:37:25,2025-08-07 20:52:06,1,2.08,1,N,162,90,1,14.9,1.0,0.5,4.13,0.0,1.0,24.78,2.5,0.0,0.75
1,2025-08-07 20:37:33,2025-08-07 20:44:35,1,1.3,1,N,141,229,1,7.9,4.25,0.5,2.75,0.0,1.0,16.4,2.5,0.0,0.75
2,2025-08-07 20:41:38,2025-08-07 20:49:44,3,0.97,1,N,68,186,1,9.3,1.0,0.5,3.76,0.0,1.0,18.81,2.5,0.0,0.75
2,2025-08-07 20:56:37,2025-08-07 21:03:21,4,1.03,1,N,261,231,2,8.6,1.0,0.5,0.0,0.0,1.0,14.35,2.5,0.0,0.75
2,2025-08-07 20:57:46,2025-08-07 21:15:33,2,2.16,1,N,107,230,2,17.0,1.0,0.5,0.0,0.0,1.0,22.75,2.5,0.0,0.75
2,2025-08-07 21:02:23,2025-08-07 21:05:56,1,1.22,1,N,142,238,1,7.2,1.0,0.5,2.44,0.0,1.0,14.64,2.5,0.0,0.0
2,2025-08-07 21:05:53,2025-08-07 21:12:26,5,1.01,1,N,162,141,1,8.6,1.0,0.5,2.8,0.0,1.0,17.15,2.5,0.0,0.75
2,2025-08-07 21:06:47,2025-08-07 21:32:59,1,4.28,1,N,114,61,1,26.1,1.0,0.5,6.37,0.0,1.0,38.22,2.5,0.0,0.75
1,2025-08-07 21:18:28,2025-08-07 21:22:10,1,0.6,1,N,263,263,1,5.1,3.5,0.5,3.05,0.0,1.0,13.15,2.5,0.0,0.0
2,2025-08-07 21:21:27,2025-08-07 21:32:35,1,1.22,1,N,162,48,1,11.4,1.0,0.5,0.0,0.0,1.0,17.15,2.5,0.0,0.75
1,2025-08-07 21:21:40,2025-08-07 21:40:45,1,7.4,1,N,132,139,2,31.0,2.75,0.5,0.0,0.0,1.0,35.25,0.0,1.75,0.0
1,2025-08-07 21:21:58,2025-08-07 21:32:58,1,1.4,1,N,249,234,1,10.7,4.25,0.5,0.0,0.0,1.0,16.45,2.5,0.0,0.75
1,2025-08-07 21:23:59,2025-08-07 21:36:44,1,1.3,1,N,186,230,1,11.4,4.25,0.5,4.3,0.0,1.0,21.45,2.5,0.0,0.75
2,2025-08-07 21:32:02,2025-08-07 21:42:13,1,1.25,1,N,234,249,1,10.7,1.0,0.5,1.0,0.0,1.0,17.45,2.5,0.0,0.75
2,2025-08-07 21:46:10,2025-08-07 21:55:26,1,1.74,1,N,142,239,1,11.4,1.0,0.5,3.0,0.0,1.0,20.15,2.5,0.0,0.75
2,2025-08-07 21:46:14,2025-08-07 21:52:22,4,1.31,1,N,113,231,1,8.6,1.0,0.5,1.8,0.0,1.0,16.15,2.5,0.0,0.75
2,2025-08-07 21:47:28,2025-08-07 21:57:54,1,1.27,1,N,100,170,1,10.7,1.0,0.5,2.47,0.0,1.0,18.92,2.5,0.0,0.75
1,2025-08-07 21:53:08,2025-08-07 22:18:26,1,2.1,1,N,90,142,1,21.2,4.25,0.5,5.4,0.0,1.0,32.35,2.5,0.0,0.75
1,2025-08-07 21:54:58,2025-08-07 22:09:37,1,2.2,1,N,100,229,1,14.2,4.25,0.5,4.0,0.0,1.0,23.95,2.5,0.0,0.75
2,2025-08-07 22:01:06,2025-08-07 22:14:07,1,2.24,1,N,142,262,1,14.2,1.0,0.5,3.84,0.0,1.0,23.04,2.5,0.0,0.0
2,2025-08-07 22:04:25,2025-08-07 22:18:34,1,3.03,1,N,170,145,1,17.0,1.0,0.5,5.79,6.94,1.0,35.48,2.5,0.0,0.75
1,2025-08-07 22:18:28,2025-08-07 22:36:41,1,4.0,1,N,238,230,1,21.2,4.25,0.5,5.4,0.0,1.0,32.35,2.5,0.0,0.75
2,2025-08-07 22:31:11,2025-08-07 22:38:32,1,1.31,1,N,88,13,1,9.3,1.0,0.5,3.01,0.0,1.0,18.06,2.5,0.0,0.75
2,2025-08-07 22:44:01,2025-08-07 22:57:28,1,2.83,1,N,246,211,1,15.6,1.0,0.5,4.27,0.0,1.0,25.62,2.5,0.0,0.75
2,2025-08-07 22:45:06,2025-08-07 23:22:06,3,10.36,1,N,230,181,1,47.1,1.0,0.5,10.57,0.0,1.0,63.42,2.5,0.0,0.75
2,2025-08-07 22:47:22,2025-08-07 23:00:03,1,2.16,1,N,249,233,1,13.5,1.0,0.5,3.85,0.0,1.0,23.1,2.5,0.0,0.75
2,2025-08-07 22:59:59,2025-08-07 23:04:30,1,0.52,1,N,100,170,1,6.5,1.0,0.5,1.0,0.0,1.0,13.25,2.5,0.0,0.75
2,2025-08-07 23:00:08,2025-08-07 23:06:37,1,1.05,1,N,230,237,1,7.9,1.0,0.5,2.73,0.0,1.0,16.38,2.5,0.0,0.75
2,2025-08-07 23:04:35,2025-08-07 23:15:42,3,2.09,1,N,144,170,1,12.8,1.0,0.5,3.71,0.0,1.0,22.26,2.5,0.0,0.75
1,2025-08-07 23:11:14,2025-08-07 23:49:03,1,11.3,1,N,132,37,1,49.9,2.75,0.5,10.8,0.0,1.0,64.95,0.0,1.75,0.0
2,2025-08-07 23:13:18,2025-08-07 23:21:48,1,1.77,1,N,142,151,1,11.4,1.0,0.5,3.28,0.0,1.0,19.68,2.5,0.0,0.0
2,2025-08-07 23:18:43,2025-08-08 00:00:52,1,7.95,1,N,142,40,1,43.6,1.0,0.5,9.87,0.0,1.0,59.22,2.5,0.0,0.75
2,2025-08-07 23:43:58,2025-08-07 23:48:12,1,0.92,1,N,249,234,1,6.5,1.0,0.5,1.75,0.0,1.0,14.0,2.5,0.0,0.75
1,2025-08-08 00:47:15,2025-08-08 00:56:06,1,2.0,1,N,90,224,1,10.7,4.25,0.5,3.3,0.0,1.0,19.75,2.5,0.0,0.75
2,2025-08-08 00:56:07,2025-08-08 01:16:00,5,5.01,1,N,48,116,1,24.7,1.0,0.5,7.61,0.0,1.0,38.06,2.5,0.0,0.75
2,2025-08-08 01:06:06,2025-08-08 01:17:50,1,3.11,1,N,163,145,1,16.3,1.0,0.5,5.51,0.0,1.0,27.56,2.5,0.0,0.75
2,2025-08-08 01:23:54,2025-08-08 01:54:37,1,13.8,1,N,114,197,1,56.9,1.0,0.5,15.66,0.0,1.0,78.31,2.5,0.0,0.75
2,2025-08-08 01:33:37,2025-08-08 01:56:58,1,6.08,1,N,114,74,1,28.9,1.0,0.5,6.93,0.0,1.0,41.58,2.5,0.0,0.75
2,2025-08-08 01:52:03,2025-08-08 01:54:34,1,0.6,1,N,246,50,1,5.1,1.0,0.5,1.08,0.0,1.0,11.93,2.5,0.0,0.75
2,2025-08-08 02:38:26,2025-08-08 02:49:11,1,1.98,1,N,246,224,1,12.8,1.0,0.5,4.64,0.0,1.0,23.19,2.5,0.0,0.75
1,2025-08-08 04:35:37,2025-08-08 05:42:17,1,13.0,99,N,117,19,1,49.5,0.0,0.5,0.0,0.0,0.0,50.0,0.0,0.0,0.0
2,2025-08-08 04:38:13,2025-08-08 04:43:06,1,1.2,1,N,246,48,1,7.9,1.0,0.5,2.73,0.0,1.0,16.38,2.5,0.0,0.75
1,2025-08-08 05:08:49,2025-08-08 05:14:49,1,0.8,1,N,48,161,1,7.2,4.25,0.5,5.0,0.0,1.0,17.95,2.5,0.0,0.75
2,2025-08-08 05:22:50,2025-08-08 05:27:37,1,1.06,1,N,186,162,1,7.9,1.0,0.5,2.0,0.0,1.0,15.65,2.5,0.0,0.75
1,2025-08-08 06:18:05,2025-08-08 06:25:11,1,1.3,1,N,186,161,1,9.3,3.25,0.5,0.0,0.0,1.0,14.05,2.5,0.0,0.75
2,2025-08-08 06:35:29,2025-08-08 06:42:36,1,2.67,1,N,238,161,1,12.8,0.0,0.5,3.51,0.0,1.0,21.06,2.5,0.0,0.75
2,2025-08-08 07:39:52,2025-08-08 07:39:58,1,0.06,5,N,216,132,1,85.0,0.0,0.0,17.2,0.0,1.0,103.2,0.0,0.0,0.0
2,2025-08-08 07:41:44,2025-08-08 07:48:40,1,1.58,1,N,42,166,1,9.3,0.0,0.5,2.0,0.0,1.0,12.8,0.0,0.0,0.0
2,2025-08-08 07:45:55,2025-08-08 07:59:31,1,2.47,1,N,107,161,1,14.9,0.0,0.5,3.93,0.0,1.0,23.58,2.5,0.0,0.75
2,2025-08-08 07:54:17,2025-08-08 07:59:15,1,0.93,1,N,186,107,1,7.2,0.0,0.5,2.39,0.0,1.0,14.34,2.5,0.0,0.75
1,2025-08-08 08:04:26,2025-08-08 08:28:25,1,2.6,99,N,165,55,1,21.5,0.0,0.5,0.0,0.0,0.0,22.0,0.0,0.0,0.0
2,2025-08-08 08:11:42,2025-08-08 08:24:12,1,2.51,1,N,237,186,2,14.2,0.0,0.5,0.0,0.0,1.0,18.95,2.5,0.0,0.75
2,2025-08-08 08:24:54,2025-08-08 08:54:49,1,7.84,2,N,195,107,1,70.0,0.0,0.5,14.95,0.0,1.0,89.7,2.5,0.0,0.75
1,2025-08-08 08:51:01,2025-08-08 08:54:52,1,0.5,1,N,234,234,1,5.8,3.25,0.5,1.0,0.0,1.0,11.55,2.5,0.0,0.75
2,2025-08-08 08:56:55,2025-08-08 09:03:00,1,0.86,1,N,163,239,1,7.9,0.0,0.5,2.53,0.0,1.0,15.18,2.5,0.0,0.75
1,2025-08-08 09:07:10,2025-08-08 09:46:22,1,4.3,99,N,37,137,1,23.5,0.0,0.5,0.0,0.0,0.0,24.0,0.0,0.0,0.0
2,2025-08-08 09:15:54,2025-08-08 09:52:46,1,3.3,1,N,48,145,1,31.0,0.0,0.5,8.54,6.94,1.0,51.23,2.5,0.0,0.75
2,2025-08-08 09:25:55,2025-08-08 09:32:27,1,1.42,1,N,238,237,1,9.3,0.0,0.5,2.66,0.0,1.0,15.96,2.5,0.0,0.0
2,2025-08-08 09:27:55,2025-08-08 09:42:14,1,1.68,1,N,13,144,1,14.2,0.0,0.5,3.79,0.0,1.0,22.74,2.5,0.0,0.75
2,2025-08-08 09:29:33,2025-08-08 09:38:03,1,0.67,1,N,68,230,1,9.3,0.0,0.5,2.81,0.0,1.0,16.86,2.5,0.0,0.75
2,2025-08-08 09:32:53,2025-08-08 10:11:49,1,6.23,1,N,170,45,1,37.3,0.0,0.5,0.0,0.0,1.0,42.05,2.5,0.0,0.75
2,2025-08-08 09:46:14,2025-08-08 10:28:29,2,11.79,5,N,129,132,4,66.0,0.0,0.0,0.0,0.0,1.0,67.0,0.0,0.0,0.0
2,2025-08-08 09:49:15,2025-08-08 10:07:53,1,6.58,1,N,244,230,2,30.3,0.0,0.5,0.0,0.0,1.0,35.05,2.5,0.0,0.75
1,2025-08-08 09:49:42,2025-08-08 09:55:11,1,1.0,1,N,163,142,1,7.2,3.25,0.5,2.35,0.0,1.0,14.3,2.5,0.0,0.75
2,2025-08-08 09:50:36,2025-08-08 10:15:59,1,10.98,1,N,138,162,1,45.0,5.0,0.5,12.69,6.94,1.0,76.13,2.5,1.75,0.75
2,2025-08-08 10:01:33,2025-08-08 10:14:19,1,1.24,1,N,79,125,1,12.8,0.0,0.5,2.0,0.0,1.0,19.55,2.5,0.0,0.75
2,2025-08-08 10:02:40,2025-08-08 10:11:09,1,1.32,1,N,142,161,1,10.0,0.0,0.5,1.25,0.0,1.0,16.0,2.5,0.0,0.75
1,2025-08-08 10:41:02,2025-08-08 10:56:24,1,1.4,1,N,237,75,2,13.5,2.5,0.5,0.0,0.0,1.0,17.5,2.5,0.0,0.0
1,2025-08-08 10:43:04,2025-08-08 11:04:27,3,4.8,1,N,230,239,1,25.4,3.25,0.5,3.0,0.0,1.0,33.15,2.5,0.0,0.75
2,2025-08-08 10:47:19,2025-08-08 10:55:06,1,0.92,1,N,90,68,1,9.3,0.0,0.5,2.81,0.0,1.0,16.86,2.5,0.0,0.75
2,2025-08-08 11:04:33,2025-08-08 11:18:15,1,1.57,1,N,249,249,1,13.5,0.0,0.5,3.65,0.0,1.0,21.9,2.5,0.0,0.75
2,2025-08-08 11:15:09,2025-08-08 11:45:59,5,4.5,1,N,161,261,1,28.2,0.0,0.5,8.24,0.0,1.0,41.19,2.5,0.0,0.75
2,2025-08-08 11:17:12,2025-08-08 11:30:33,1,1.69,1,N,114,186,1,13.5,0.0,0.5,3.65,0.0,1.0,21.9,2.5,0.0,0.75
1,2025-08-08 11:22:11,2025-08-08 11:28:36,1,1.0,1,N,107,170,1,8.6,3.25,0.5,2.65,0.0,1.0,16.0,2.5,0.0,0.75
2,2025-08-08 11:24:20,2025-08-08 11:41:12,1,2.07,1,N,263,239,1,16.3,0.0,0.5,4.06,0.0,1.0,24.36,2.5,0.0,0.0
2,2025-08-08 11:40:38,2025-08-08 11:47:54,1,1.46,1,N,237,239,1,9.3,0.0,0.5,3.33,0.0,1.0,16.63,2.5,0.0,0.0
1,2025-08-08 11:41:30,2025-08-08 12:04:00,1,2.9,1,N,170,143,1,21.2,3.25,0.5,5.15,0.0,1.0,31.1,2.5,0.0,0.75
2,2025-08-08 11:54:50,2025-08-08 12:19:25,1,3.03,1,N,162,144,1,21.9,0.0,0.5,5.33,0.0,1.0,31.98,2.5,0.0,0.75
2,2025-08-08 12:05:46,2025-08-08 12:12:07,1,1.08,1,N,263,75,2,7.9,0.0,0.5,0.0,0.0,1.0,11.9,2.5,0.0,0.0
1,2025-08-08 12:07:01,2025-08-08 13:25:59,1,21.9,99,N,205,141,1,51.5,0.0,0.5,0.0,6.94,0.0,58.94,0.0,0.0,0.0
2,2025-08-08 12:10:29,2025-08-08 12:19:29,2,1.12,1,N,141,237,1,10.0,0.0,0.5,2.95,0.0,1.0,17.7,2.5,0.0,0.75
2,2025-08-08 12:21:48,2025-08-08 12:36:56,1,1.64,1,N,186,142,1,14.2,0.0,0.5,3.79,0.0,1.0,22.74,2.5,0.0,0.75
2,2025-08-08 12:24:19,2025-08-08 12:41:13,1,1.45,1,N,140,162,1,15.6,0.0,0.5,5.09,0.0,1.0,25.44,2.5,0.0,0.75
2,2025-08-08 12:24:32,2025-08-08 12:43:55,2,5.82,1,N,170,87,1,26.8,0.0,0.5,6.31,0.0,1.0,37.86,2.5,0.0,0.75
1,2025-08-08 12:24:33,2025-08-08 12:38:34,1,1.7,1,N,43,161,2,12.8,3.25,0.5,0.0,0.0,1.0,17.55,2.5,0.0,0.75
2,2025-08-08 12:28:00,2025-08-08 12:35:57,1,1.42,1,N,170,162,2,10.0,0.0,0.5,0.0,0.0,1.0,14.75,2.5,0.0,0.75
2,2025-08-08 12:45:27,2025-08-08 12:48:54,1,0.62,1,N,151,166,1,5.8,0.0,0.5,0.0,0.0,1.0,7.3,0.0,0.0,0.0
2,2025-08-08 12:47:41,2025-08-08 13:33:04,1,19.66,2,N,132,238,1,70.0,0.0,0.5,15.69,6.94,1.0,95.88,0.0,1.75,0.0
2,2025-08-08 12:51:33,2025-08-08 13:10:00,1,1.65,1,N,186,246,1,16.3,0.0,0.5,1.0,0.0,1.0,22.05,2.5,0.0,0.75
1,2025-08-08 12:57:52,2025-08-08 13:08:09,1,1.0,1,N,107,170,1,10.0,3.25,0.5,2.95,0.0,1.0,17.7,2.5,0.0,0.75
2,2025-08-08 13:00:45,2025-08-08 13:11:53,1,1.87,1,N,141,162,2,12.8,0.0,0.5,0.0,0.0,1.0,17.55,2.5,0.0,0.75
1,2025-08-08 13:21:27,2025-08-08 13:34:47,1,1.7,1,N,237,140,1,12.8,3.25,0.5,3.5,0.0,1.0,21.05,2.5,0.0,0.75
2,2025-08-08 13:24:02,2025-08-08 13:30:15,1,1.09,1,N,237,142,1,8.6,0.0,0.5,2.0,0.0,1.0,14.6,2.5,0.0,0.0
1,2025-08-08 13:27:04,2025-08-08 14:00:22,1,4.8,1,N,43,144,1,28.2,3.25,0.5,6.6,0.0,1.0,39.55,2.5,0.0,0.75
2,2025-08-08 13:27:58,2025-08-08 13:35:36,1,1.06,1,N,170,234,1,8.6,0.0,0.5,3.34,0.0,1.0,16.69,2.5,0.0,0.75
2,2025-08-08 13:29:37,2025-08-08 13:41:08,1,0.92,1,N,170,163,1,11.4,0.0,0.5,3.23,0.0,1.0,19.38,2.5,0.0,0.75
2,2025-08-08 13:33:54,2025-08-08 13:58:23,1,4.17,1,N,186,263,1,24.7,0.0,0.5,5.89,0.0,1.0,35.34,2.5,0.0,0.75
2,2025-08-08 14:01:21,2025-08-08 14:12:05,1,1.19,1,N,100,162,1,10.7,0.0,0.5,2.0,0.0,1.0,17.45,2.5,0.0,0.75
2,2025-08-08 14:10:24,2025-08-08 14:17:06,1,0.45,1,N,234,164,1,7.9,0.0,0.5,1.5,0.0,1.0,14.15,2.5,0.0,0.75
2,2025-08-08 14:11:30,2025-08-08 14:16:41,1,0.92,1,N,239,238,1,7.2,0.0,0.5,2.0,0.0,1.0,13.2,2.5,0.0,0.0
2,2025-08-08 14:11:43,2025-08-08 14:30:13,1,2.13,1,N,113,100,2,16.3,0.0,0.5,0.0,0.0,1.0,21.05,2.5,0.0,0.75
1,2025-08-08 14:12:00,2025-08-08 14:22:50,1,1.4,1,N,263,237,4,11.4,2.5,0.5,0.0,0.0,1.0,15.4,2.5,0.0,0.0
2,2025-08-08 14:32:19,2025-08-08 14:44:12,1,1.7,1,N,262,237,2,12.1,0.0,0.5,0.0,0.0,1.0,16.85,2.5,0.0,0.75
2,2025-08-08 14:33:09,2025-08-08 14:38:59,1,1.19,1,N,162,236,1,8.6,0.0,0.5,1.99,0.0,1.0,15.34,2.5,0.0,0.75
1,2025-08-08 14:36:37,2025-08-08 15:04:50,1,6.1,1,N,13,256,1,31.0,3.25,0.5,5.0,0.0,1.0,40.75,2.5,0.0,0.75
1,2025-08-08 14:42:20,2025-08-08 15:02:34,1,2.0,1,N,236,143,1,19.1,2.5,0.5,5.75,0.0,1.0,28.85,2.5,0.0,0.0
2,2025-08-08 14:50:39,2025-08-08 14:59:06,1,1.06,1,N,163,141,2,9.3,0.0,0.5,0.0,0.0,1.0,14.05,2.5,0.0,0.75
2,2025-08-08 14:51:50,2025-08-08 15:00:46,1,0.93,1,N,236,238,1,9.3,0.0,0.5,3.33,0.0,1.0,16.63,2.5,0.0,0.0
2,2025-08-08 14:59:11,2025-08-08 15:12:09,4,1.41,1,N,161,246,1,12.1,0.0,0.5,3.37,0.0,1.0,20.22,2.5,0.0,0.75
2,2025-08-08 15:00:56,2025-08-08 15:13:52,1,1.54,1,N,43,234,1,12.8,0.0,0.5,3.51,0.0,1.0,21.06,2.5,0.0,0.75
2,2025-08-08 15:01:46,2025-08-08 15:07:11,1,0.81,1,N,68,186,1,7.2,0.0,0.5,0.0,0.0,1.0,11.95,2.5,0.0,0.75
2,2025-08-08 15:04:20,2025-08-08 15:09:32,1,0.83,1,N,229,141,1,7.2,0.0,0.5,2.39,0.0,1.0,14.34,2.5,0.0,0.75
2,2025-08-08 15:09:11,2025-08-08 15:24:17,1,1.91,1,N,230,140,1,14.2,0.0,0.5,1.9,0.0,1.0,20.85,2.5,0.0,0.75
2,2025-08-08 15:23:15,2025-08-08 15:44:28,2,2.52,1,N,170,148,1,19.8,0.0,0.5,6.14,0.0,1.0,30.69,2.5,0.0,0.75
2,2025-08-08 15:25:25,2025-08-08 15:35:47,2,1.17,1,N,161,141,1,10.7,0.0,0.5,3.09,0.0,1.0,18.54,2.5,0.0,0.75
1,2025-08-08 15:25:35,2025-08-08 15:44:52,1,3.1,1,N,239,246,1,18.4,3.25,0.5,6.95,0.0,1.0,30.1,2.5,0.0,0.75
2,2025-08-08 15:28:15,2025-08-08 15:30:40,1,0.32,1,N,90,68,1,4.4,0.0,0.5,1.83,0.0,1.0,10.98,2.5,0.0,0.75
2,2025-08-08 15:35:04,2025-08-08 15:48:35,1,1.73,1,N,142,161,1,14.2,0.0,0.5,0.95,0.0,1.0,19.9,2.5,0.0,0.75
1,2025-08-08 15:35:50,2025-08-08 15:54:09,1,2.7,1,N,142,262,2,18.4,3.25,0.5,0.0,0.0,1.0,23.15,2.5,0.0,0.75
2,2025-08-08 15:37:08,2025-08-08 15:45:48,1,1.31,1,N,90,246,1,10.0,0.0,0.5,2.66,0.0,1.0,17.41,2.5,0.0,0.75
2,2025-08-08 15:39:56,2025-08-08 15:48:58,2,0.64,1,N,161,164,2,9.3,0.0,0.5,0.0,0.0,1.0,14.05,2.5,0.0,0.75
2,2025-08-08 15:42:44,2025-08-08 15:52:37,1,1.17,1,N,107,114,1,10.7,0.0,0.5,1.0,0.0,1.0,16.45,2.5,0.0,0.75
2,2025-08-08 15:44:19,2025-08-08 15:56:32,1,2.05,1,N,161,141,1,12.8,0.0,0.5,3.51,0.0,1.0,21.06,2.5,0.0,0.75
2,2025-08-08 15:51:00,2025-08-08 16:03:30,1,1.34,1,N,100,162,1,12.1,0.0,0.5,3.37,0.0,1.0,20.22,2.5,0.0,0.75
1,2025-08-08 15:57:11,2025-08-08 16:05:11,1,1.0,1,N,125,231,1,7.9,3.25,0.5,2.55,0.0,1.0,15.2,2.5,0.0,0.75
2,2025-08-08 16:04:36,2025-08-08 16:23:28,1,6.3,1,N,132,76,2,27.5,2.5,0.5,0.0,0.0,1.0,33.25,0.0,1.75,0.0
2,2025-08-08 16:15:27,2025-08-08 16:23:32,1,0.62,1,N,140,262,1,8.6,2.5,0.5,3.77,0.0,1.0,18.87,2.5,0.0,0.0
2,2025-08-08 16:18:07,2025-08-08 16:58:08,1,3.3,1,N,230,231,1,33.1,2.5,0.5,2.0,0.0,1.0,42.35,2.5,0.0,0.75
2,2025-08-08 16:19:51,2025-08-08 16:29:31,1,0.72,1,N,229,229,2,8.6,2.5,0.5,0.0,0.0,1.0,15.85,2.5,0.0,0.75
2,2025-08-08 16:21:32,2025-08-08 16:44:31,1,4.28,1,N,249,238,2,24.0,2.5,0.5,0.0,0.0,1.0,31.25,2.5,0.0,0.75
2,2025-08-08 16:25:59,2025-08-08 16:46:45,1,1.15,1,N,161,186,1,17.7,2.5,0.5,7.49,0.0,1.0,32.44,2.5,0.0,0.75
1,2025-08-08 16:26:09,2025-08-08 16:38:54,1,0.8,1,Y,234,186,2,12.1,5.75,0.5,0.0,0.0,1.0,19.35,2.5,0.0,0.75
2,2025-08-08 16:28:55,2025-08-08 16:41:49,4,1.82,1,N,229,142,1,13.5,2.5,0.5,4.15,0.0,1.0,24.9,2.5,0.0,0.75
2,2025-08-08 16:31:29,2025-08-08 16:41:33,1,0.88,1,N,170,186,1,10.0,2.5,0.5,3.45,0.0,1.0,20.7,2.5,0.0,0.75
2,2025-08-08 16:44:39,2025-08-08 16:53:48,1,1.69,1,N,233,234,1,10.7,2.5,0.5,3.59,0.0,1.0,21.54,2.5,0.0,0.75
2,2025-08-08 16:45:14,2025-08-08 16:55:28,1,1.51,1,N,170,229,1,11.4,2.5,0.5,3.73,0.0,1.0,22.38,2.5,0.0,0.75
2,2025-08-08 16:47:25,2025-08-08 17:10:13,1,1.97,1,N,148,13,1,19.1,2.5,0.5,5.27,0.0,1.0,31.62,2.5,0.0,0.75
2,2025-08-08 17:04:17,2025-08-08 17:11:49,1,0.87,1,N,162,229,2,8.6,2.5,0.5,0.0,0.0,1.0,15.85,2.5,0.0,0.75
2,2025-08-08 17:08:26,2025-08-08 17:17:48,1,1.29,1,N,236,140,1,10.7,2.5,0.5,1.0,0.0,1.0,18.2,2.5,0.0,0.0
2,2025-08-08 17:23:14,2025-08-08 17:34:49,1,1.5,1,N,163,48,1,10.0,2.5,0.5,4.31,0.0,1.0,21.56,2.5,0.0,0.75
1,2025-08-08 17:24:40,2025-08-08 17:35:51,1,1.0,1,N,229,163,1,10.7,5.75,0.5,1.0,0.0,1.0,18.95,2.5,0.0,0.75
1,2025-08-08 17:35:42,2025-08-08 17:41:04,1,0.4,1,N,229,233,4,6.5,5.75,0.5,0.0,0.0,1.0,13.75,2.5,0.0,0.75
2,2025-08-08 17:38:32,2025-08-08 17:52:17,4,2.03,1,N,236,162,1,14.2,2.5,0.5,5.0,0.0,1.0,26.45,2.5,0.0,0.75
2,2025-08-08 17:43:49,2025-08-08 17:46:55,2,0.18,1,N,83,129,2,4.4,2.5,0.5,0.0,0.0,1.0,8.4,0.0,0.0,0.0
2,2025-08-08 17:46:16,2025-08-08 17:53:00,1,2.79,1,N,148,80,1,14.2,2.5,0.5,4.29,0.0,1.0,25.74,2.5,0.0,0.75
2,2025-08-08 17:47:09,2025-08-08 17:58:20,1,4.34,1,N,209,170,1,19.8,2.5,0.5,8.12,0.0,1.0,35.17,2.5,0.0,0.75
2,2025-08-08 17:50:16,2025-08-08 17:54:03,2,0.73,1,N,236,237,1,6.5,2.5,0.5,2.6,0.0,1.0,15.6,2.5,0.0,0.0
2,2025-08-08 17:57:47,2025-08-08 18:01:42,1,0.52,1,N,170,107,1,5.8,2.5,0.5,3.26,0.0,1.0,16.31,2.5,0.0,0.75
2,2025-08-08 17:59:11,2025-08-08 18:06:30,1,1.02,1,N,100,234,1,8.6,2.5,0.5,1.0,0.0,1.0,16.85,2.5,0.0,0.75
1,2025-08-08 18:03:23,2025-08-08 18:22:20,1,1.4,1,N,43,48,1,16.3,5.75,0.5,4.7,0.0,1.0,28.25,2.5,0.0,0.75
2,2025-08-08 18:16:48,2025-08-08 18:21:19,1,0.66,1,N,237,237,1,6.5,2.5,0.5,3.25,0.0,1.0,16.25,2.5,0.0,0.0
2,2025-08-08 18:18:59,2025-08-08 18:31:32,2,1.31,1,N,246,230,1,12.1,2.5,0.5,3.87,0.0,1.0,23.22,2.5,0.0,0.75
2,2025-08-08 18:30:08,2025-08-08 18:41:28,1,2.24,1,N,162,75,1,12.1,2.5,0.5,3.87,0.0,1.0,23.22,2.5,0.0,0.75
2,2025-08-08 18:31:29,2025-08-08 18:55:21,1,4.3,1,N,113,143,1,24.0,2.5,0.5,6.25,0.0,1.0,37.5,2.5,0.0,0.75
2,2025-08-08 18:32:18,2025-08-08 18:52:14,1,3.33,1,N,263,246,1,19.8,2.5,0.5,5.41,0.0,1.0,32.46,2.5,0.0,0.75
2,2025-08-08 18:32:25,2025-08-08 18:36:49,3,0.37,1,N,249,249,1,5.8,2.5,0.5,3.26,0.0,1.0,16.31,2.5,0.0,0.75
2,2025-08-08 18:47:44,2025-08-08 18:54:30,1,0.61,1,N,170,230,1,7.9,2.5,0.5,3.03,0.0,1.0,18.18,2.5,0.0,0.75
2,2025-08-08 18:49:00,2025-08-08 18:56:57,2,0.7,1,N,90,114,1,8.6,2.5,0.5,4.75,0.0,1.0,20.6,2.5,0.0,0.75
2,2025-08-08 18:58:35,2025-08-08 19:07:31,2,0.81,1,N,100,48,1,9.3,2.5,0.5,3.31,0.0,1.0,19.86,2.5,0.0,0.75
1,2025-08-08 19:00:09,2025-08-08 19:27:39,3,11.4,1,N,43,52,1,46.4,5.75,0.5,12.1,6.94,1.0,72.69,2.5,0.0,0.75
2,2025-08-08 19:03:58,2025-08-08 19:21:14,1,1.97,1,N,234,230,1,16.3,2.5,0.5,4.71,0.0,1.0,28.26,2.5,0.0,0.75
2,2025-08-08 19:06:10,2025-08-08 19:22:02,1,2.26,1,N,236,230,1,15.6,2.5,0.5,4.57,0.0,1.0,27.42,2.5,0.0,0.75
2,2025-08-08 19:14:21,2025-08-08 19:25:28,2,1.89,1,N,170,141,1,12.1,2.5,0.5,3.87,0.0,1.0,23.22,2.5,0.0,0.75
2,2025-08-08 19:30:39,2025-08-08 19:33:39,2,0.29,1,N,239,239,1,5.1,2.5,0.5,3.48,0.0,1.0,15.08,2.5,0.0,0.0
1,2025-08-08 19:35:50,2025-08-08 19:52:09,1,3.0,1,N,186,145,1,17.0,5.75,0.5,6.25,6.94,1.0,37.44,2.5,0.0,0.75
2,2025-08-08 19:37:27,2025-08-08 19:55:47,1,2.95,1,N,140,100,1,19.1,2.5,0.5,3.5,0.0,1.0,29.85,2.5,0.0,0.75
2,2025-08-08 19:57:35,2025-08-08 20:05:21,1,2.36,1,N,142,166,1,12.1,2.5,0.5,5.58,0.0,1.0,24.18,2.5,0.0,0.0
2,2025-08-08 20:09:16,2025-08-08 20:21:06,1,1.62,1,N,158,246,1,12.8,1.0,0.5,2.0,0.0,1.0,20.55,2.5,0.0,0.75
2,2025-08-08 20:10:40,2025-08-08 20:16:22,2,1.31,1,N,107,162,1,8.6,1.0,0.5,2.87,0.0,1.0,17.22,2.5,0.0,0.75
2,2025-08-08 20:10:50,2025-08-08 20:18:43,1,0.87,1,N,249,144,1,8.6,1.0,0.5,5.0,0.0,1.0,19.35,2.5,0.0,0.75
2,2025-08-08 20:13:45,2025-08-08 20:30:16,1,2.72,1,N,161,114,1,17.0,1.0,0.5,4.55,0.0,1.0,27.3,2.5,0.0,0.75
1,2025-08-08 20:16:09,2025-08-08 20:25:07,1,1.3,1,N,229,162,1,9.3,4.25,0.5,3.75,0.0,1.0,18.8,2.5,0.0,0.75
2,2025-08-08 20:26:23,2025-08-08 20:42:01,2,2.13,1,N,163,236,1,16.3,2.5,0.5,4.71,0.0,1.0,28.26,2.5,0.0,0.75
1,2025-08-08 20:34:55,2025-08-08 20:57:29,1,5.0,1,N,43,158,1,26.1,4.25,0.5,1.0,0.0,1.0,32.85,2.5,0.0,0.75
2,2025-08-08 20:49:15,2025-08-08 21:11:31,1,3.68,1,N,239,107,4,21.9,1.0,0.5,0.0,0.0,1.0,27.65,2.5,0.0,0.75
2,2025-08-08 20:54:14,2025-08-08 21:21:52,1,3.84,1,N,186,262,1,25.4,1.0,0.5,6.23,0.0,1.0,37.38,2.5,0.0,0.75
2,2025-08-08 21:00:23,2025-08-08 21:07:34,1,0.98,1,N,237,230,1,8.6,1.0,0.5,2.87,0.0,1.0,17.22,2.5,0.0,0.75
2,2025-08-08 21:00:53,2025-08-08 21:48:00,2,18.23,2,N,132,113,1,70.0,0.0,0.5,16.34,6.94,1.0,99.78,2.5,1.75,0.75
1,2025-08-08 21:10:00,2025-08-08 22:18:30,1,10.6,99,N,230,85,1,38.5,0.0,0.5,0.0,0.0,0.0,39.0,0.0,0.0,0.0
2,2025-08-08 21:49:33,2025-08-08 22:05:37,2,3.74,1,N,234,13,1,20.5,1.0,0.5,3.15,0.0,1.0,29.4,2.5,0.0,0.75
1,2025-08-08 21:54:05,2025-08-08 22:12:58,1,3.6,1,N,263,48,1,20.5,4.25,0.5,5.25,0.0,1.0,31.5,2.5,0.0,0.75
2,2025-08-08 21:54:45,2025-08-08 22:01:39,1,0.74,1,N,249,144,4,7.9,1.0,0.5,0.0,0.0,1.0,13.65,2.5,0.0,0.75
2,2025-08-08 22:17:45,2025-08-08 22:35:52,1,11.92,1,N,132,179,1,45.0,1.0,0.5,14.25,0.0,1.0,63.5,0.0,1.75,0.0
2,2025-08-08 22:19:37,2025-08-08 22:26:03,2,1.28,1,N,229,137,1,8.6,1.0,0.5,1.0,0.0,1.0,15.35,2.5,0.0,0.75
2,2025-08-08 22:21:23,2025-08-08 22:44:56,1,4.79,1,N,249,140,1,26.8,1.0,0.5,4.0,0.0,1.0,36.55,2.5,0.0,0.75
2,2025-08-08 22:23:52,2025-08-08 22:36:43,2,1.6,1,N,161,234,1,12.8,1.0,0.5,3.71,0.0,1.0,22.26,2.5,0.0,0.75
2,2025-08-08 22:26:06,2025-08-08 22:46:04,1,2.29,1,N,68,148,1,18.4,1.0,0.5,4.83,0.0,1.0,28.98,2.5,0.0,0.75
2,2025-08-08 22:38:36,2025-08-08 23:11:18,2,8.58,1,N,249,37,1,39.4,1.0,0.5,9.03,0.0,1.0,54.18,2.5,0.0,0.75
2,2025-08-08 22:40:44,2025-08-08 22:52:57,1,1.4,1,N,211,234,1,12.1,1.0,0.5,3.57,0.0,1.0,21.42,2.5,0.0,0.75
2,2025-08-08 22:55:48,2025-08-08 23:00:36,1,0.71,1,N,43,236,1,6.5,1.0,0.5,0.0,0.0,1.0,11.5,2.5,0.0,0.0
2,2025-08-08 23:19:14,2025-08-08 23:31:28,1,1.73,1,N,143,141,1,12.8,1.0,0.5,3.56,0.0,1.0,21.36,2.5,0.0,0.0
1,2025-08-08 23:27:40,2025-08-08 23:45:17,1,3.8,1,N,79,112,1,19.1,4.25,0.5,5.0,6.94,1.0,36.79,2.5,0.0,0.75
1,2025-08-08 23:30:42,2025-08-08 23:44:44,4,1.2,1,N,158,114,1,12.8,4.25,0.5,4.6,0.0,1.0,23.15,2.5,0.0,0.75
2,2025-08-08 23:49:45,2025-08-09 00:27:25,3,17.07,2,N,132,100,1,70.0,0.0,0.5,2.0,6.94,1.0,85.44,2.5,1.75,0.75
1,2025-08-08 23:53:27,2025-08-09 00:03:11,1,2.0,1,N,48,239,1,11.4,4.25,0.5,3.45,0.0,1.0,20.6,2.5,0.0,0.75
2,2025-08-09 00:17:21,2025-08-09 00:33:54,1,2.74,1,N,151,163,1,18.4,1.0,0.5,4.83,0.0,1.0,28.98,2.5,0.0,0.75
2,2025-08-09 00:18:40,2025-08-09 00:31:03,1,2.51,1,N,237,249,1,14.2,1.0,0.5,4.99,0.0,1.0,24.94,2.5,0.0,0.75
1,2025-08-09 00:35:13,2025-08-09 00:46:32,1,3.0,1,N,79,141,1,14.9,4.25,0.5,4.1,0.0,1.0,24.75,2.5,0.0,0.75
2,2025-08-09 00:36:01,2025-08-09 00:43:33,4,1.25,1,N,234,79,1,9.3,1.0,0.5,1.0,0.0,1.0,16.05,2.5,0.0,0.75
2,2025-08-09 00:41:04,2025-08-09 00:51:43,1,1.47,1,N,144,234,1,10.7,1.0,0.5,0.0,0.0,1.0,16.45,2.5,0.0,0.75
2,2025-08-09 01:16:06,2025-08-09 01:37:48,2,2.96,1,N,79,230,1,21.2,1.0,0.5,5.39,0.0,1.0,32.34,2.5,0.0,0.75
2,2025-08-09 01:27:00,2025-08-09 01:34:14,3,1.66,1,N,48,246,1,10.0,1.0,0.5,3.15,0.0,1.0,18.9,2.5,0.0,0.75
2,2025-08-09 01:57:46,2025-08-09 02:11:59,1,2.77,1,N,79,48,1,16.3,1.0,0.5,4.41,0.0,1.0,26.46,2.5,0.0,0.75
2,2025-08-09 02:05:37,2025-08-09 02:11:02,1,0.98,1,N,162,164,1,7.9,1.0,0.5,4.0,0.0,1.0,17.65,2.5,0.0,0.75
1,2025-08-09 02:07:41,2025-08-09 02:15:32,1,1.5,1,N,68,48,1,10.0,4.25,0.5,3.0,0.0,1.0,18.75,2.5,0.0,0.75
2,2025-08-09 02:23:02,2025-08-09 02:39:18,1,4.54,1,N,148,263,1,21.2,1.0,0.5,3.0,0.0,1.0,29.95,2.5,0.0,0.75
2,2025-08-09 02:41:30,2025-08-09 02:47:10,1,0.9,1,N,249,113,1,7.2,1.0,0.5,2.59,0.0,1.0,15.54,2.5,0.0,0.75
2,2025-08-09 02:44:05,2025-08-09 02:54:25,2,1.47,1,N,79,90,1,10.7,1.0,0.5,0.0,0.0,1.0,16.45,2.5,0.0,0.75
2,2025-08-09 02:52:50,2025-08-09 02:59:39,1,1.54,1,N,48,90,1,10.0,1.0,0.5,3.15,0.0,1.0,18.9,2.5,0.0,0.75
2,2025-08-09 03:04:24,2025-08-09 03:10:06,1,0.83,1,N,211,79,1,7.9,1.0,0.5,2.73,0.0,1.0,16.38,2.5,0.0,0.75
1,2025-08-09 03:04:39,2025-08-09 03:10:58,1,1.0,1,N,148,107,1,7.9,4.25,0.5,2.75,0.0,1.0,16.4,2.5,0.0,0.75
2,2025-08-09 03:16:21,2025-08-09 03:33:07,2,2.84,1,N,249,48,1,17.7,1.0,0.5,0.0,0.0,1.0,23.45,2.5,0.0,0.75
2,2025-08-09 03:24:12,2025-08-09 03:31:23,1,1.31,1,N,170,246,1,9.3,1.0,0.5,2.0,0.0,1.0,17.05,2.5,0.0,0.75
2,2025-08-09 03:38:55,2025-08-09 03:51:29,1,4.32,1,N,107,263,1,18.4,1.0,0.5,4.83,0.0,1.0,28.98,2.5,0.0,0.75
2,2025-08-09 07:24:58,2025-08-09 07:31:54,1,1.01,1,N,137,186,1,8.6,0.0,0.5,1.34,0.0,1.0,14.69,2.5,0.0,0.75
2,2025-08-09 07:55:13,2025-08-09 08:02:46,1,1.5,1,N,107,100,1,10.0,0.0,0.5,0.0,0.0,1.0,14.75,2.5,0.0,0.75
2,2025-08-09 08:37:31,2025-08-09 08:45:00,2,1.03,1,N,162,48,1,8.6,0.0,0.5,2.67,0.0,1.0,16.02,2.5,0.0,0.75
2,2025-08-09 08:50:25,2025-08-09 08:53:28,1,0.63,1,N,90,186,1,5.8,0.0,0.5,2.11,0.0,1.0,12.66,2.5,0.0,0.75
2,2025-08-09 08:57:56,2025-08-09 09:09:49,1,2.03,1,N,239,237,1,13.5,0.0,0.5,4.38,0.0,1.0,21.88,2.5,0.0,0.0
2,2025-08-09 09:00:15,2025-08-09 09:23:13,1,10.07,1,N,138,243,1,40.8,5.0,0.5,13.56,6.94,1.0,69.55,0.0,1.75,0.0
2,2025-08-09 09:14:25,2025-08-09 09:20:07,1,0.74,1,N,262,236,1,7.2,0.0,0.5,1.68,0.0,1.0,12.88,2.5,0.0,0.0
1,2025-08-09 09:16:39,2025-08-09 09:23:28,1,0.9,1,N,163,50,2,7.2,3.25,0.5,0.0,0.0,1.0,11.95,2.5,0.0,0.75
2,2025-08-09 09:27:01,2025-08-09 09:38:01,1,1.74,1,N,229,230,1,12.1,0.0,0.5,3.37,0.0,1.0,20.22,2.5,0.0,0.75
2,2025-08-09 09:51:57,2025-08-09 10:16:50,1,8.54,1,N,262,138,1,38.7,5.0,0.5,5.0,6.94,1.0,59.64,2.5,0.0,0.0
2,2025-08-09 09:52:44,2025-08-09 10:04:12,1,1.65,1,N,161,50,1,12.1,0.0,0.5,3.37,0.0,1.0,20.22,2.5,0.0,0.75
2,2025-08-09 10:01:52,2025-08-09 10:24:26,1,12.64,1,N,138,51,2,49.2,5.0,0.5,0.0,6.94,1.0,64.39,0.0,1.75,0.0
1,2025-08-09 10:02:29,2025-08-09 10:23:46,1,5.9,1,N,236,211,1,27.5,3.25,0.5,6.45,0.0,1.0,38.7,2.5,0.0,0.75
2,2025-08-09 10:32:03,2025-08-09 10:41:13,1,1.63,1,N,237,75,1,10.7,0.0,0.5,0.0,0.0,1.0,14.7,2.5,0.0,0.0
2,2025-08-09 10:35:22,2025-08-09 10:49:10,2,2.86,1,N,246,239,1,16.3,0.0,0.5,4.21,0.0,1.0,25.26,2.5,0.0,0.75
2,2025-08-09 10:54:40,2025-08-09 11:07:08,1,2.04,1,N,164,211,1,13.5,0.0,0.5,3.65,0.0,1.0,21.9,2.5,0.0,0.75
2,2025-08-09 10:57:54,2025-08-09 11:02:03,1,0.74,1,N,246,90,1,6.5,0.0,0.5,1.0,0.0,1.0,12.25,2.5,0.0,0.75
2,2025-08-09 11:03:14,2025-08-09 11:17:57,2,0.97,1,N,68,50,1,13.5,0.0,0.5,3.65,0.0,1.0,21.9,2.5,0.0,0.75
2,2025-08-09 11:22:01,2025-08-09 11:35:18,1,2.86,1,N,163,75,1,16.3,0.0,0.5,4.21,0.0,1.0,25.26,2.5,0.0,0.75
2,2025-08-09 11:23:51,2025-08-09 11:37:17,1,1.69,1,N,137,148,1,14.2,0.0,0.5,3.79,0.0,1.0,22.74,2.5,0.0,0.75
2,2025-08-09 11:32:27,2025-08-09 12:01:58,1,4.76,1,N,132,216,3,31.7,0.0,0.5,0.0,0.0,1.0,34.95,0.0,1.75,0.0
1,2025-08-09 11:32:42,2025-08-09 12:04:59,2,5.1,1,N,141,161,1,29.6,3.25,0.5,8.55,0.0,1.0,42.9,2.5,0.0,0.75
2,2025-08-09 11:35:56,2025-08-09 11:54:16,1,1.59,1,N,48,237,1,17.7,0.0,0.5,4.49,0.0,1.0,26.94,2.5,0.0,0.75
2,2025-08-09 12:16:56,2025-08-09 12:25:09,1,0.6,1,N,229,162,1,8.6,0.0,0.5,2.0,0.0,1.0,15.35,2.5,0.0,0.75
2,2025-08-09 12:17:20,2025-08-09 12:20:48,1,0.67,1,N,75,263,2,5.8,0.0,0.5,0.0,0.0,1.0,9.8,2.5,0.0,0.0
2,2025-08-09 12:21:05,2025-08-09 12:26:58,1,1.97,1,N,48,68,1,10.0,0.0,0.5,2.95,0.0,1.0,17.7,2.5,0.0,0.75
2,2025-08-09 12:23:27,2025-08-09 12:47:00,1,4.39,1,N,48,13,1,26.1,0.0,0.5,4.0,0.0,1.0,34.85,2.5,0.0,0.75
1,2025-08-09 12:27:46,2025-08-09 12:43:54,1,1.8,1,N,164,211,1,14.9,3.25,0.5,3.95,0.0,1.0,23.6,2.5,0.0,0.75
1,2025-08-09 12:30:04,2025-08-09 12:58:26,1,5.0,1,N,161,261,1,27.5,3.25,0.5,4.0,0.0,1.0,36.25,2.5,0.0,0.75
2,2025-08-09 12:32:47,2025-08-09 12:46:47,1,2.89,1,N,209,79,1,18.4,0.0,0.5,4.63,0.0,1.0,27.78,2.5,0.0,0.75
2,2025-08-09 12:34:54,2025-08-09 12:40:41,1,1.38,1,N,233,141,1,8.6,0.0,0.5,2.67,0.0,1.0,16.02,2.5,0.0,0.75
1,2025-08-09 12:42:15,2025-08-09 12:58:06,1,0.9,1,N,100,230,2,13.5,3.25,0.5,0.0,0.0,1.0,18.25,2.5,0.0,0.75
2,2025-08-09 12:44:55,2025-08-09 12:48:09,1,0.5,1,N,90,249,1,5.1,0.0,0.5,2.46,0.0,1.0,12.31,2.5,0.0,0.75
2,2025-08-09 12:45:51,2025-08-09 12:54:20,1,1.3,1,N,148,107,2,10.0,0.0,0.5,0.0,0.0,1.0,14.75,2.5,0.0,0.75
2,2025-08-09 13:29:11,2025-08-09 13:41:39,1,1.01,1,N,234,113,1,12.1,0.0,0.5,3.37,0.0,1.0,20.22,2.5,0.0,0.75
2,2025-08-09 13:38:52,2025-08-09 14:07:34,3,7.4,1,N,13,161,2,37.3,0.0,0.5,0.0,0.0,1.0,42.05,2.5,0.0,0.75
2,2025-08-09 13:59:38,2025-08-09 14:05:22,1,0.9,1,N,142,143,1,7.9,0.0,0.5,2.0,0.0,1.0,14.65,2.5,0.0,0.75
2,2025-08-09 14:01:57,2025-08-09 14:28:14,1,2.34,1,N,79,246,1,22.6,0.0,0.5,5.47,0.0,1.0,32.82,2.5,0.0,0.75
2,2025-08-09 14:10:50,2025-08-09 14:25:42,2,2.62,1,N,162,239,2,15.6,0.0,0.5,0.0,0.0,1.0,20.35,2.5,0.0,0.75
2,2025-08-09 14:15:43,2025-08-09 14:44:50,4,11.35,1,N,132,138,1,44.3,5.0,0.5,10.16,0.0,1.0,62.71,0.0,1.75,0.0
1,2025-08-09 14:18:45,2025-08-09 14:26:48,1,1.1,1,N,246,230,1,8.6,3.25,0.5,3.35,0.0,1.0,16.7,2.5,0.0,0.75
2,2025-08-09 14:35:25,2025-08-09 14:47:45,2,2.09,1,N,68,13,1,13.5,0.0,0.5,3.65,0.0,1.0,21.9,2.5,0.0,0.75
2,2025-08-09 14:38:11,2025-08-09 15:40:40,1,17.89,2,N,132,48,1,70.0,0.0,0.5,20.86,6.94,1.0,104.3,2.5,1.75,0.75
2,2025-08-09 14:40:19,2025-08-09 14:59:56,1,3.82,1,N,68,142,2,22.6,0.0,0.5,0.0,0.0,1.0,27.35,2.5,0.0,0.75
1,2025-08-09 14:43:54,2025-08-09 14:54:32,1,1.5,1,N,170,43,1,10.7,3.25,0.5,3.1,0.0,1.0,18.55,2.5,0.0,0.75
2,2025-08-09 15:01:21,2025-08-09 15:07:09,1,0.95,1,N,90,186,1,7.9,0.0,0.5,1.3,0.0,1.0,13.95,2.5,0.0,0.75
2,2025-08-09 15:04:18,2025-08-09 15:13:51,1,1.43,1,N,142,68,2,10.7,0.0,0.5,0.0,0.0,1.0,15.45,2.5,0.0,0.75
2,2025-08-09 15:06:03,2025-08-09 15:23:47,1,1.7,1,N,230,140,1,16.3,0.0,0.5,5.26,0.0,1.0,26.31,2.5,0.0,0.75
1,2025-08-09 15:25:19,2025-08-09 15:52:16,1,5.6,1,N,261,170,1,31.0,3.25,0.5,0.0,0.0,1.0,35.75,2.5,0.0,0.75
2,2025-08-09 15:34:59,2025-08-09 15:47:00,1,1.27,1,N,249,246,1,12.1,0.0,0.5,1.68,0.0,1.0,18.53,2.5,0.0,0.75
2,2025-08-09 15:47:29,2025-08-09 15:58:14,1,1.5,1,N,161,141,1,11.4,0.0,0.5,3.23,0.0,1.0,19.38,2.5,0.0,0.75
1,2025-08-09 15:53:37,2025-08-09 16:08:43,1,2.3,1,Y,237,137,1,16.3,3.25,0.5,4.2,0.0,1.0,25.25,2.5,0.0,0.75
2,2025-08-09 15:57:29,2025-08-09 16:07:02,1,1.94,1,N,236,229,1,12.8,0.0,0.5,3.51,0.0,1.0,21.06,2.5,0.0,0.75
1,2025-08-09 15:58:09,2025-08-09 16:13:12,2,2.9,1,N,236,170,1,16.3,3.25,0.5,2.11,0.0,1.0,23.16,2.5,0.0,0.75
2,2025-08-09 16:01:03,2025-08-09 16:08:00,1,1.6,1,N,246,50,1,10.0,0.0,0.5,2.0,0.0,1.0,16.75,2.5,0.0,0.75
2,2025-08-09 16:02:13,2025-08-09 16:58:08,1,18.1,2,N,132,148,1,70.0,0.0,0.5,14.95,0.0,1.0,91.45,2.5,1.75,0.75
2,2025-08-09 16:08:35,2025-08-09 16:25:31,3,1.92,1,N,236,142,1,16.3,0.0,0.5,2.1,0.0,1.0,23.15,2.5,0.0,0.75
2,2025-08-09 16:14:35,2025-08-09 16:17:55,2,0.65,1,N,249,234,1,5.8,0.0,0.5,3.16,0.0,1.0,13.71,2.5,0.0,0.75
1,2025-08-09 16:20:51,2025-08-09 16:32:03,1,1.6,1,N,249,211,1,11.4,3.25,0.5,3.25,0.0,1.0,19.4,2.5,0.0,0.75
2,2025-08-09 16:29:52,2025-08-09 16:49:09,2,1.96,1,N,234,246,1,17.7,0.0,0.5,4.49,0.0,1.0,26.94,2.5,0.0,0.75
2,2025-08-09 16:30:19,2025-08-09 16:38:37,1,2.8,1,N,209,79,1,14.2,0.0,0.5,3.79,0.0,1.0,22.74,2.5,0.0,0.75
2,2025-08-09 16:30:36,2025-08-09 16:47:23,1,2.82,1,N,239,116,2,18.4,0.0,0.5,0.0,0.0,1.0,22.4,2.5,0.0,0.0
2,2025-08-09 16:31:15,2025-08-09 16:35:25,1,0.96,1,N,239,48,1,7.2,0.0,0.5,2.24,0.0,1.0,13.44,2.5,0.0,0.0
2,2025-08-09 16:32:36,2025-08-09 16:35:16,1,0.25,1,N,238,238,1,5.1,0.0,0.5,1.82,0.0,1.0,10.92,2.5,0.0,0.0
1,2025-08-09 16:40:48,2025-08-09 16:52:21,1,1.7,1,N,162,224,2,10.7,3.25,0.5,0.0,0.0,1.0,15.45,2.5,0.0,0.75
2,2025-08-09 16:50:12,2025-08-09 17:29:37,1,10.78,1,N,138,114,1,46.4,5.0,0.5,12.62,6.94,1.0,77.46,2.5,1.75,0.75
2,2025-08-09 16:51:48,2025-08-09 16:57:35,1,0.84,1,N,244,116,1,7.9,0.0,0.5,1.88,0.0,1.0,11.28,0.0,0.0,0.0
2,2025-08-09 16:51:54,2025-08-09 17:01:30,1,1.49,1,N,234,161,1,10.7,0.0,0.5,3.09,0.0,1.0,18.54,2.5,0.0,0.75
1,2025-08-09 16:55:05,2025-08-09 17:06:48,1,1.5,1,N,249,148,1,11.4,3.25,0.5,3.25,0.0,1.0,19.4,2.5,0.0,0.75
2,2025-08-09 17:32:27,2025-08-09 17:45:16,2,1.41,1,N,161,142,1,12.8,0.0,0.5,3.51,0.0,1.0,21.06,2.5,0.0,0.75
2,2025-08-09 17:34:16,2025-08-09 17:55:23,1,3.12,1,N,90,237,1,20.5,0.0,0.5,7.58,0.0,1.0,32.83,2.5,0.0,0.75
2,2025-08-09 17:40:30,2025-08-09 18:07:16,2,4.73,1,N,186,87,1,28.2,0.0,0.5,0.01,0.0,1.0,32.96,2.5,0.0,0.75
2,2025-08-09 17:42:08,2025-08-09 17:53:10,1,3.76,1,N,48,151,1,18.4,0.0,0.5,4.63,0.0,1.0,27.78,2.5,0.0,0.75
2,2025-08-09 17:51:08,2025-08-09 17:55:49,1,0.86,1,N,246,246,1,6.5,0.0,0.5,2.25,0.0,1.0,13.5,2.5,0.0,0.75
2,2025-08-09 17:59:36,2025-08-09 18:06:22,1,0.79,1,N,163,162,1,7.9,0.0,0.5,3.16,0.0,1.0,15.81,2.5,0.0,0.75
1,2025-08-09 18:00:24,2025-08-09 18:08:24,1,1.3,1,N,90,170,1,9.3,3.25,0.5,2.8,0.0,1.0,16.85,2.5,0.0,0.75
2,2025-08-09 18:00:26,2025-08-09 18:21:51,1,3.78,1,N,170,13,1,21.9,0.0,0.5,5.33,0.0,1.0,31.98,2.5,0.0,0.75
1,2025-08-09 18:03:43,2025-08-09 18:06:40,1,0.6,1,Y,90,186,1,5.8,3.25,0.5,2.0,0.0,1.0,12.55,2.5,0.0,0.75
2,2025-08-09 18:05:35,2025-08-09 18:14:46,1,1.33,1,N,141,142,1,10.7,0.0,0.5,2.94,0.0,1.0,17.64,2.5,0.0,0.0
2,2025-08-09 18:17:50,2025-08-09 18:25:22,2,0.75,1,N,231,211,1,8.6,0.0,0.5,2.67,0.0,1.0,16.02,2.5,0.0,0.75
2,2025-08-09 18:19:15,2025-08-09 18:23:33,1,0.82,1,N,237,140,1,6.5,0.0,0.5,2.1,0.0,1.0,12.6,2.5,0.0,0.0
2,2025-08-09 18:23:36,2025-08-09 18:38:46,1,2.65,1,N,162,224,1,16.3,0.0,0.5,5.26,0.0,1.0,26.31,2.5,0.0,0.75
2,2025-08-09 18:24:32,2025-08-09 18:35:59,1,1.11,1,N,186,137,2,11.4,0.0,0.5,0.0,0.0,1.0,16.15,2.5,0.0,0.75
2,2025-08-09 18:36:42,2025-08-09 18:55:22,4,9.06,5,N,196,132,1,120.0,0.0,0.0,10.0,0.0,1.0,131.0,0.0,0.0,0.0
2,2025-08-09 18:40:02,2025-08-09 18:42:30,1,0.6,1,N,237,237,1,5.1,0.0,0.5,5.0,0.0,1.0,14.85,2.5,0.0,0.75
2,2025-08-09 18:41:10,2025-08-09 18:51:05,4,1.28,1,N,48,246,1,10.7,0.0,0.5,3.09,0.0,1.0,18.54,2.5,0.0,0.75
1,2025-08-09 18:41:32,2025-08-09 18:57:05,1,3.0,1,N,263,230,1,16.3,3.25,0.5,3.0,0.0,1.0,24.05,2.5,0.0,0.75
2,2025-08-09 19:11:07,2025-08-09 19:18:05,2,0.9,1,N,113,234,1,7.9,0.0,0.5,2.53,0.0,1.0,15.18,2.5,0.0,0.75
1,2025-08-09 19:11:23,2025-08-09 19:16:12,1,0.6,1,N,151,151,1,6.5,0.0,0.5,2.0,0.0,1.0,10.0,0.0,0.0,0.0
2,2025-08-09 19:14:50,2025-08-09 19:21:08,1,0.95,1,N,90,246,4,7.9,0.0,0.5,0.0,0.0,1.0,12.65,2.5,0.0,0.75
2,2025-08-09 19:26:15,2025-08-09 19:28:59,1,0.66,1,N,142,239,1,5.1,0.0,0.5,1.82,0.0,1.0,10.92,2.5,0.0,0.0
1,2025-08-09 19:27:20,2025-08-09 19:40:52,1,1.6,1,N,230,234,2,12.1,3.25,0.5,0.0,0.0,1.0,16.85,2.5,0.0,0.75
1,2025-08-09 19:30:35,2025-08-09 19:39:50,1,1.7,1,N,163,143,1,10.7,3.25,0.5,3.09,0.0,1.0,18.54,2.5,0.0,0.75
2,2025-08-09 19:30:49,2025-08-09 19:37:09,1,0.74,1,N,90,249,1,7.2,0.0,0.5,2.39,0.0,1.0,14.34,2.5,0.0,0.75
2,2025-08-09 19:32:58,2025-08-09 19:50:06,1,2.92,1,N,107,141,1,17.7,0.0,0.5,2.24,0.0,1.0,24.69,2.5,0.0,0.75
2,2025-08-09 19:33:50,2025-08-09 19:38:34,1,1.09,1,N,237,236,1,7.9,0.0,0.5,1.78,0.0,1.0,13.68,2.5,0.0,0.0
1,2025-08-09 19:37:06,2025-08-09 19:44:36,4,1.3,1,N,231,249,1,9.3,3.25,0.5,2.0,0.0,1.0,16.05,2.5,0.0,0.75
2,2025-08-09 19:37:44,2025-08-09 19:54:17,1,2.49,1,N,236,229,1,17.0,0.0,0.5,1.09,0.0,1.0,22.84,2.5,0.0,0.75
2,2025-08-09 19:55:48,2025-08-09 20:15:50,1,3.03,1,N,43,234,1,19.8,0.0,0.5,6.14,0.0,1.0,30.69,2.5,0.0,0.75
2,2025-08-09 20:08:33,2025-08-09 20:25:25,1,3.77,1,N,79,236,1,19.8,1.0,0.5,6.39,0.0,1.0,31.94,2.5,0.0,0.75
2,2025-08-09 20:20:16,2025-08-09 20:27:20,1,0.99,1,N,161,170,1,8.6,1.0,0.5,2.87,0.0,1.0,17.22,2.5,0.0,0.75
1,2025-08-09 20:29:35,2025-08-09 20:38:27,1,0.7,1,N,249,113,1,8.6,4.25,0.5,3.6,0.0,1.0,17.95,2.5,0.0,0.75
2,2025-08-09 20:47:46,2025-08-09 20:53:46,1,0.53,1,N,100,162,4,7.2,1.0,0.5,0.0,0.0,1.0,12.95,2.5,0.0,0.75
2,2025-08-09 20:49:22,2025-08-09 20:55:45,1,1.92,1,N,48,68,1,10.0,1.0,0.5,4.72,0.0,1.0,20.47,2.5,0.0,0.75
2,2025-08-09 20:52:36,2025-08-09 21:43:16,1,18.86,2,N,132,158,1,70.0,0.0,0.5,16.34,6.94,1.0,99.78,2.5,1.75,0.75
1,2025-08-09 20:53:55,2025-08-09 21:09:08,1,2.8,1,N,68,143,1,15.6,4.25,0.5,2.0,0.0,1.0,23.35,2.5,0.0,0.75
2,2025-08-09 20:54:28,2025-08-09 21:07:46,4,1.5,1,N,100,246,1,13.5,1.0,0.5,4.81,0.0,1.0,24.06,2.5,0.0,0.75
2,2025-08-09 20:57:19,2025-08-09 21:20:49,3,9.48,5,N,138,244,4,65.0,5.0,0.0,0.0,6.94,1.0,79.69,0.0,1.75,0.0
1,2025-08-09 21:05:19,2025-08-09 21:09:35,1,0.7,1,N,249,186,2,5.8,4.25,0.5,0.0,0.0,1.0,11.55,2.5,0.0,0.75
2,2025-08-09 21:14:58,2025-08-09 21:27:11,1,2.21,1,N,249,13,1,14.2,1.0,0.5,0.0,0.0,1.0,19.95,2.5,0.0,0.75
2,2025-08-09 21:16:16,2025-08-09 21:25:32,1,0.88,1,N,79,144,1,9.3,1.0,0.5,2.0,0.0,1.0,17.05,2.5,0.0,0.75
2,2025-08-09 21:27:17,2025-08-09 21:36:59,1,2.22,1,N,142,262,1,12.8,1.0,0.5,1.5,0.0,1.0,19.3,2.5,0.0,0.0
2,2025-08-09 21:40:06,2025-08-09 21:58:04,1,6.9,1,N,237,261,1,29.6,1.0,0.5,6.92,0.0,1.0,41.52,2.5,0.0,0.0
2,2025-08-09 21:50:27,2025-08-09 22:23:28,1,5.95,1,N,164,42,1,33.8,1.0,0.5,5.0,0.0,1.0,44.55,2.5,0.0,0.75
2,2025-08-09 21:50:54,2025-08-09 22:05:45,2,3.15,1,N,230,41,2,17.7,1.0,0.5,0.0,0.0,1.0,23.45,2.5,0.0,0.75
2,2025-08-09 21:59:20,2025-08-09 22:15:20,1,5.97,1,N,209,141,1,25.4,1.0,0.5,6.23,0.0,1.0,37.38,2.5,0.0,0.75
2,2025-08-09 22:02:48,2025-08-09 22:11:59,2,2.27,1,N,246,239,1,13.5,1.0,0.5,3.7,0.0,1.0,22.2,2.5,0.0,0.0
2,2025-08-09 22:05:10,2025-08-09 22:21:40,1,3.87,1,N,141,4,1,19.1,1.0,0.5,3.0,0.0,1.0,27.85,2.5,0.0,0.75
2,2025-08-09 22:09:00,2025-08-09 22:26:24,1,5.85,1,N,132,203,4,26.8,1.0,0.5,0.0,0.0,1.0,31.05,0.0,1.75,0.0
2,2025-08-09 22:17:09,2025-08-09 22:38:34,1,3.92,1,N,142,4,1,22.6,1.0,0.5,5.67,0.0,1.0,34.02,2.5,0.0,0.75
2,2025-08-09 22:24:27,2025-08-09 22:33:38,1,1.69,1,N,236,229,1,11.4,1.0,0.5,4.29,0.0,1.0,21.44,2.5,0.0,0.75
2,2025-08-09 22:39:36,2025-08-09 22:55:27,3,2.34,1,N,162,249,1,15.6,1.0,0.5,4.27,0.0,1.0,25.62,2.5,0.0,0.75
2,2025-08-09 22:46:20,2025-08-09 23:08:32,2,1.61,1,N,230,246,1,19.1,1.0,0.5,4.97,0.0,1.0,29.82,2.5,0.0,0.75
2,2025-08-09 22:53:38,2025-08-09 23:06:30,1,1.63,1,N,100,158,1,12.8,1.0,0.5,3.71,0.0,1.0,22.26,2.5,0.0,0.75
2,2025-08-09 22:53:58,2025-08-09 23:05:40,1,1.73,1,N,237,50,1,12.1,1.0,0.5,3.57,0.0,1.0,21.42,2.5,0.0,0.75
2,2025-08-09 23:00:20,2025-08-09 23:07:35,1,0.84,1,N,249,211,1,7.9,1.0,0.5,3.0,0.0,1.0,16.65,2.5,0.0,0.75
2,2025-08-09 23:06:05,2025-08-09 23:15:04,1,2.0,1,N,237,239,1,11.4,1.0,0.5,3.43,0.0,1.0,20.58,2.5,0.0,0.75
1,2025-08-09 23:09:16,2025-08-09 23:17:30,1,1.0,1,N,186,246,1,9.3,4.25,0.5,3.0,0.0,1.0,18.05,2.5,0.0,0.75
2,2025-08-09 23:11:53,2025-08-09 23:21:44,1,1.94,1,N,148,88,1,12.1,1.0,0.5,2.0,0.0,1.0,19.85,2.5,0.0,0.75
1,2025-08-09 23:24:48,2025-08-09 23:38:59,1,1.8,1,N,68,170,2,9.3,4.25,0.5,0.0,0.0,1.0,15.05,2.5,0.0,0.75
2,2025-08-09 23:27:16,2025-08-09 23:44:54,1,4.17,1,N,79,262,1,21.2,1.0,0.5,5.39,0.0,1.0,32.34,2.5,0.0,0.75
2,2025-08-09 23:40:05,2025-08-09 23:50:25,1,1.35,1,N,114,158,1,10.7,1.0,0.5,3.29,0.0,1.0,19.74,2.5,0.0,0.75
1,2025-08-09 23:47:18,2025-08-09 23:54:05,2,0.9,1,N,230,68,1,7.9,4.25,0.5,2.7,0.0,1.0,16.35,2.5,0.0,0.75
1,2025-08-09 23:56:55,2025-08-10 00:07:23,1,2.1,1,N,68,142,1,12.1,4.25,0.5,3.55,0.0,1.0,21.4,2.5,0.0,0.75
2,2025-08-09 23:57:25,2025-08-10 00:04:46,2,1.36,1,N,186,249,4,9.3,1.0,0.5,0.0,0.0,1.0,15.05,2.5,0.0,0.75
2,2025-08-10 00:00:51,2025-08-10 00:14:19,1,2.2,1,N,114,162,1,14.2,1.0,0.5,3.99,0.0,1.0,23.94,2.5,0.0,0.75
2,2025-08-10 00:01:08,2025-08-10 00:05:04,2,0.62,1,N,234,186,1,5.8,1.0,0.5,2.31,0.0,1.0,13.86,2.5,0.0,0.75
2,2025-08-10 00:07:44,2025-08-10 00:23:23,2,5.08,1,N,88,234,1,23.3,1.0,0.5,5.81,0.0,1.0,34.86,2.5,0.0,0.75
1,2025-08-10 00:16:20,2025-08-10 00:18:52,2,0.8,1,N,239,238,1,5.8,3.5,0.5,2.15,0.0,1.0,12.95,2.5,0.0,0.0
2,2025-08-10 00:21:55,2025-08-10 00:24:36,2,0.65,1,N,170,107,1,5.1,1.0,0.5,1.0,0.0,1.0,11.85,2.5,0.0,0.75
2,2025-08-10 00:46:21,2025-08-10 01:20:05,1,15.33,1,N,132,85,2,61.8,1.0,0.5,0.0,0.0,1.0,66.05,0.0,1.75,0.0
2,2025-08-10 01:05:37,2025-08-10 01:13:41,1,1.22,1,N,114,249,1,9.3,1.0,0.5,1.0,0.0,1.0,16.05,2.5,0.0,0.75
2,2025-08-10 01:07:15,2025-08-10 01:17:28,1,1.89,1,N,113,161,1,12.1,1.0,0.5,3.57,0.0,1.0,21.42,2.5,0.0,0.75
2,2025-08-10 01:11:49,2025-08-10 01:18:29,2,1.37,1,N,158,186,1,8.6,1.0,0.5,1.44,0.0,1.0,15.79,2.5,0.0,0.75
1,2025-08-10 01:21:20,2025-08-10 01:28:26,2,1.6,1,N,164,229,1,10.0,4.25,0.5,2.0,0.0,1.0,17.75,2.5,0.0,0.75
2,2025-08-10 01:27:26,2025-08-10 01:35:00,1,1.68,1,N,158,107,1,10.0,1.0,0.5,3.15,0.0,1.0,18.9,2.5,0.0,0.75
2,2025-08-10 01:59:34,2025-08-10 02:07:38,1,1.76,1,N,114,87,1,10.0,1.0,0.5,1.0,0.0,1.0,16.75,2.5,0.0,0.75
1,2025-08-10 02:00:59,2025-08-10 02:16:27,1,3.2,1,N,144,49,1,18.4,4.25,0.5,6.0,0.0,1.0,30.15,2.5,0.0,0.75
1,2025-08-10 02:09:24,2025-08-10 02:20:13,1,2.3,1,N,148,90,1,12.8,4.25,0.5,3.7,0.0,1.0,22.25,2.5,0.0,0.75
2,2025-08-10 02:15:05,2025-08-10 02:25:03,2,2.63,1,N,114,100,1,13.5,1.0,0.5,3.85,0.0,1.0,23.1,2.5,0.0,0.75
2,2025-08-10 02:17:48,2025-08-10 02:23:06,1,1.33,1,N,151,239,1,8.6,1.0,0.5,2.72,0.0,1.0,16.32,2.5,0.0,0.0
2,2025-08-10 02:34:39,2025-08-10 02:43:33,2,2.28,1,N,186,142,1,12.1,1.0,0.5,1.0,0.0,1.0,18.85,2.5,0.0,0.75
2,2025-08-10 02:35:13,2025-08-10 02:39:58,1,1.09,1,N,246,50,1,7.2,1.0,0.5,2.59,0.0,1.0,15.54,2.5,0.0,0.75
1,2025-08-10 02:36:27,2025-08-10 02:46:49,1,2.2,1,N,152,151,2,13.5,1.0,0.5,0.0,0.0,1.0,16.0,0.0,0.0,0.0
2,2025-08-10 02:56:03,2025-08-10 02:59:06,1,0.73,1,N,107,68,1,5.8,1.0,0.5,2.31,0.0,1.0,13.86,2.5,0.0,0.75
2,2025-08-10 03:20:50,2025-08-10 03:38:09,2,3.87,1,N,249,142,1,21.2,1.0,0.5,3.0,0.0,1.0,29.95,2.5,0.0,0.75
2,2025-08-10 03:22:45,2025-08-10 03:27:36,1,0.94,1,N,113,90,1,7.2,1.0,0.5,2.33,0.0,1.0,15.28,2.5,0.0,0.75
2,2025-08-10 03:29:56,2025-08-10 03:34:39,1,0.65,1,N,246,186,2,6.5,1.0,0.5,0.0,0.0,1.0,12.25,2.5,0.0,0.75
2,2025-08-10 03:31:13,2025-08-10 03:52:55,2,9.43,1,N,132,132,1,38.0,1.0,0.5,8.1,0.0,1.0,50.35,0.0,1.75,0.0
2,2025-08-10 03:41:42,2025-08-10 03:50:46,1,3.12,1,N,79,141,1,14.2,1.0,0.5,3.0,0.0,1.0,22.95,2.5,0.0,0.75
2,2025-08-10 03:56:59,2025-08-10 04:10:50,1,2.61,1,N,249,162,1,15.6,1.0,0.5,4.27,0.0,1.0,25.62,2.5,0.0,0.75
2,2025-08-10 04:41:07,2025-08-10 04:49:55,1,2.7,1,N,238,237,1,13.5,1.0,0.5,3.7,0.0,1.0,22.2,2.5,0.0,0.0
2,2025-08-10 04:54:42,2025-08-10 05:06:46,2,3.25,1,N,125,230,1,15.6,1.0,0.5,4.27,0.0,1.0,25.62,2.5,0.0,0.75
1,2025-08-10 06:33:55,2025-08-10 06:50:54,1,4.3,1,N,140,246,1,20.5,3.25,0.5,6.3,0.0,1.0,31.55,2.5,0.0,0.75
2,2025-08-10 06:37:38,2025-08-10 06:46:01,1,2.08,1,N,236,74,2,10.7,0.0,0.5,0.0,0.0,1.0,14.7,2.5,0.0,0.0
1,2025-08-10 07:59:05,2025-08-10 08:10:05,1,2.1,1,N,140,239,1,11.4,2.5,0.5,2.0,0.0,1.0,17.4,2.5,0.0,0.0
2,2025-08-10 08:10:44,2025-08-10 08:16:14,1,0.88,1,N,140,262,1,7.2,0.0,0.5,0.0,0.0,1.0,11.2,2.5,0.0,0.0
1,2025-08-10 08:41:51,2025-08-10 08:47:07,1,0.8,1,N,211,231,1,6.5,3.25,0.5,2.25,0.0,1.0,13.5,2.5,0.0,0.75
2,2025-08-10 08:49:18,2025-08-10 09:01:46,1,5.19,1,N,170,88,1,23.3,0.0,0.5,4.0,0.0,1.0,32.05,2.5,0.0,0.75
2,2025-08-10 09:20:11,2025-08-10 09:32:19,1,2.13,1,N,68,158,1,13.5,0.0,0.5,3.65,0.0,1.0,21.9,2.5,0.0,0.75
2,2025-08-10 09:28:38,2025-08-10 09:35:51,1,1.88,1,N,236,143,1,10.7,0.0,0.5,2.94,0.0,1.0,17.64,2.5,0.0,0.0
1,2025-08-10 09:48:21,2025-08-10 09:50:52,4,0.5,1,N,163,230,1,5.1,3.25,0.5,3.0,0.0,1.0,12.85,2.5,0.0,0.75
2,2025-08-10 10:04:14,2025-08-10 10:32:58,2,9.95,1,N,43,138,1,45.0,5.0,0.5,10.95,0.0,1.0,65.7,2.5,0.0,0.75
2,2025-08-10 10:06:58,2025-08-10 10:42:21,1,5.38,1,N,170,13,1,35.2,0.0,0.5,5.0,0.0,1.0,44.95,2.5,0.0,0.75
1,2025-08-10 10:07:08,2025-08-10 10:19:26,1,1.3,99,N,76,35,1,18.5,0.0,0.5,0.0,0.0,0.0,19.0,0.0,0.0,0.0
2,2025-08-10 10:28:09,2025-08-10 10:35:48,1,0.91,1,N,230,163,2,7.9,0.0,0.5,0.0,0.0,1.0,12.65,2.5,0.0,0.75
1,2025-08-10 10:29:09,2025-08-10 10:38:53,1,1.8,1,N,141,75,1,10.0,2.5,0.5,2.8,0.0,1.0,16.8,2.5,0.0,0.0
2,2025-08-10 10:40:47,2025-08-10 10:46:16,1,1.1,1,N,50,163,1,7.9,0.0,0.5,2.53,0.0,1.0,15.18,2.5,0.0,0.75
2,2025-08-10 10:41:36,2025-08-10 10:47:46,1,1.26,1,N,142,68,1,8.6,0.0,0.5,5.0,0.0,1.0,18.35,2.5,0.0,0.75
2,2025-08-10 10:50:32,2025-08-10 11:05:47,1,2.36,1,N,79,68,1,15.6,0.0,0.5,4.07,0.0,1.0,24.42,2.5,0.0,0.75
2,2025-08-10 11:00:07,2025-08-10 11:06:23,1,0.88,1,N,151,238,2,7.9,0.0,0.5,0.0,0.0,1.0,9.4,0.0,0.0,0.0
2,2025-08-10 11:00:28,2025-08-10 11:06:26,1,1.01,1,N,246,68,1,8.6,0.0,0.5,0.0,0.0,1.0,13.35,2.5,0.0,0.75
2,2025-08-10 11:13:08,2025-08-10 11:30:56,1,1.32,1,N,233,164,1,15.6,0.0,0.5,4.07,0.0,1.0,24.42,2.5,0.0,0.75
1,2025-08-10 11:25:56,2025-08-10 11:48:45,1,6.6,5,N,162,49,1,43.0,0.75,0.0,8.95,0.0,1.0,53.7,0.0,0.0,0.75
1,2025-08-10 11:32:44,2025-08-10 11:47:03,1,1.8,1,N,90,170,1,13.5,3.25,0.5,3.65,0.0,1.0,21.9,2.5,0.0,0.75
2,2025-08-10 11:35:14,2025-08-10 11:56:48,1,1.35,1,N,170,163,2,18.4,0.0,0.5,0.0,0.0,1.0,23.15,2.5,0.0,0.75
2,2025-08-10 11:35:21,2025-08-10 11:39:22,1,0.71,1,N,238,239,1,6.5,0.0,0.5,3.15,0.0,1.0,13.65,2.5,0.0,0.0
2,2025-08-10 11:48:58,2025-08-10 11:59:47,1,1.02,1,N,100,186,1,11.4,0.0,0.5,3.0,0.0,1.0,19.15,2.5,0.0,0.75
2,2025-08-10 11:50:10,2025-08-10 11:53:14,1,1.19,1,N,263,74,2,7.2,0.0,0.5,0.0,0.0,1.0,11.2,2.5,0.0,0.0
2,2025-08-10 11:54:02,2025-08-10 11:55:56,1,0.66,1,N,90,249,1,5.1,0.0,0.5,1.97,0.0,1.0,11.82,2.5,0.0,0.75
1,2025-08-10 11:55:35,2025-08-10 12:07:08,1,2.7,1,N,74,140,1,14.2,2.5,0.5,3.6,0.0,1.0,21.8,2.5,0.0,0.0
2,2025-08-10 11:58:07,2025-08-10 12:16:45,2,3.44,1,N,186,231,4,21.2,0.0,0.5,0.0,0.0,1.0,25.95,2.5,0.0,0.75
2,2025-08-10 12:08:52,2025-08-10 12:24:11,2,3.14,1,N,229,68,1,17.0,0.0,0.5,4.35,0.0,1.0,26.1,2.5,0.0,0.75
2,2025-08-10 12:14:19,2025-08-10 12:28:55,1,2.19,1,N,263,162,1,16.3,0.0,0.5,4.21,0.0,1.0,25.26,2.5,0.0,0.75
1,2025-08-10 12:17:09,2025-08-10 13:10:32,1,15.2,99,N,218,75,1,50.5,0.0,0.5,0.0,6.94,0.0,57.94,0.0,0.0,0.0
2,2025-08-10 12:29:30,2025-08-10 12:29:56,5,0.03,1,N,262,262,3,3.0,0.0,0.5,0.0,0.0,1.0,7.0,2.5,0.0,0.0
2,2025-08-10 12:31:53,2025-08-10 13:10:06,2,15.7,1,N,132,255,1,61.8,0.0,0.5,12.66,0.0,1.0,77.71,0.0,1.75,0.0
2,2025-08-10 12:40:56,2025-08-10 13:07:22,2,3.96,1,N,262,68,1,25.4,0.0,0.5,7.54,0.0,1.0,37.69,2.5,0.0,0.75
2,2025-08-10 12:50:40,2025-08-10 13:07:57,2,10.78,1,N,233,138,1,40.8,5.0,0.5,14.37,6.94,1.0,71.86,2.5,0.0,0.75
2,2025-08-10 12:59:58,2025-08-10 13:18:31,1,8.19,1,N,138,263,1,33.8,5.0,0.5,9.95,6.94,1.0,61.44,2.5,1.75,0.0
1,2025-08-10 13:09:49,2025-08-10 13:19:20,1,1.7,1,N,138,129,1,11.4,6.75,0.5,0.0,0.0,1.0,19.65,0.0,1.75,0.0
2,2025-08-10 13:15:55,2025-08-10 14:00:38,1,2.86,1,N,186,140,1,36.6,0.0,0.5,8.27,0.0,1.0,49.62,2.5,0.0,0.75
2,2025-08-10 13:27:25,2025-08-10 13:29:48,1,0.47,1,N,140,141,1,5.1,0.0,0.5,0.91,0.0,1.0,10.01,2.5,0.0,0.0
2,2025-08-10 13:29:01,2025-08-10 13:38:58,1,1.28,1,N,68,186,1,10.7,0.0,0.5,4.63,0.0,1.0,20.08,2.5,0.0,0.75
2,2025-08-10 13:46:24,2025-08-10 14:20:15,3,12.21,1,N,230,138,1,52.0,5.0,0.5,13.74,6.94,1.0,82.43,2.5,0.0,0.75
1,2025-08-10 13:47:08,2025-08-10 14:10:09,1,2.2,1,N,170,142,1,19.1,3.25,0.5,4.75,0.0,1.0,28.6,2.5,0.0,0.75
2,2025-08-10 13:47:22,2025-08-10 14:59:41,1,15.17,1,N,138,163,1,81.4,5.0,0.5,19.62,6.94,1.0,119.46,2.5,1.75,0.75
2,2025-08-10 13:52:59,2025-08-10 14:00:10,1,0.63,1,N,164,170,1,7.9,0.0,0.5,2.53,0.0,1.0,15.18,2.5,0.0,0.75
2,2025-08-10 14:12:25,2025-08-10 14:42:20,1,3.32,1,N,236,230,1,26.8,0.0,0.5,5.0,0.0,1.0,36.55,2.5,0.0,0.75
2,2025-08-10 14:17:58,2025-08-10 14:50:31,1,10.21,1,N,138,237,1,42.9,5.0,0.5,12.12,6.94,1.0,72.71,2.5,1.75,0.0
2,2025-08-10 14:26:30,2025-08-10 15:29:38,2,15.43,2,N,163,132,1,70.0,0.0,0.5,16.34,6.94,1.0,98.03,2.5,0.0,0.75
2,2025-08-10 14:30:53,2025-08-10 14:47:02,1,5.0,1,N,132,124,4,23.3,0.0,0.5,0.0,0.0,1.0,26.55,0.0,1.75,0.0
2,2025-08-10 14:54:38,2025-08-10 14:58:35,1,0.58,1,N,142,142,1,5.8,0.0,0.5,2.45,0.0,1.0,12.25,2.5,0.0,0.0
2,2025-08-10 14:55:10,2025-08-10 15:27:55,3,6.04,1,N,148,239,1,35.2,0.0,0.5,7.99,0.0,1.0,47.94,2.5,0.0,0.75
2,2025-08-10 14:58:33,2025-08-10 15:02:11,1,0.85,1,N,186,90,1,6.5,0.0,0.5,2.25,0.0,1.0,13.5,2.5,0.0,0.75
2,2025-08-10 15:02:58,2025-08-10 15:09:05,1,0.99,1,N,236,237,1,7.9,0.0,0.5,2.98,0.0,1.0,14.88,2.5,0.0,0.0
2,2025-08-10 15:03:40,2025-08-10 15:22:36,3,1.22,1,N,87,45,1,17.0,0.0,0.5,0.0,0.0,1.0,21.75,2.5,0.0,0.75
2,2025-08-10 15:04:44,2025-08-10 15:26:53,2,2.17,1,N,162,186,2,19.8,0.0,0.5,0.0,0.0,1.0,24.55,2.5,0.0,0.75
2,2025-08-10 15:17:10,2025-08-10 15:31:42,1,1.17,1,N,170,164,1,13.5,0.0,0.5,3.65,0.0,1.0,21.9,2.5,0.0,0.75
1,2025-08-10 15:20:17,2025-08-10 15:49:54,1,2.4,1,N,239,100,2,24.7,3.25,0.5,0.0,0.0,1.0,29.45,2.5,0.0,0.75
2,2025-08-10 15:23:21,2025-08-10 16:21:34,1,18.34,2,N,132,161,1,70.0,0.0,0.5,6.0,6.94,1.0,89.44,2.5,1.75,0.75
1,2025-08-10 15:24:10,2025-08-10 15:31:52,1,1.4,1,N,142,238,1,7.9,2.5,0.5,2.4,0.0,1.0,14.3,2.5,0.0,0.0
2,2025-08-10 15:27:59,2025-08-10 15:34:29,1,1.0,1,N,249,234,1,7.9,0.0,0.5,2.0,0.0,1.0,14.65,2.5,0.0,0.75
1,2025-08-10 16:01:55,2025-08-10 17:12:47,1,17.8,2,N,230,132,1,70.0,3.25,0.5,6.97,0.0,1.0,81.72,2.5,0.0,0.75
2,2025-08-10 16:02:32,2025-08-10 16:29:08,1,2.41,1,N,186,230,1,23.3,0.0,0.5,5.61,0.0,1.0,33.66,2.5,0.0,0.75
2,2025-08-10 16:12:33,2025-08-10 16:43:32,3,12.75,1,N,138,87,1,51.3,5.0,0.5,13.6,6.94,1.0,83.34,2.5,1.75,0.75
1,2025-08-10 16:13:17,2025-08-10 16:52:52,1,13.7,99,N,49,15,1,47.5,0.0,0.5,0.0,0.0,0.0,48.0,0.0,0.0,0.0
2,2025-08-10 16:15:28,2025-08-10 16:26:04,1,1.73,1,N,234,79,1,12.1,0.0,0.5,4.21,0.0,1.0,21.06,2.5,0.0,0.75
2,2025-08-10 16:16:26,2025-08-10 17:23:40,1,11.45,1,N,138,230,1,66.7,5.0,0.5,15.29,0.0,1.0,93.49,2.5,1.75,0.75
2,2025-08-10 16:22:11,2025-08-10 16:37:21,2,2.57,1,N,48,239,1,16.3,0.0,0.5,4.21,0.0,1.0,25.26,2.5,0.0,0.75
2,2025-08-10 16:23:21,2025-08-10 16:29:33,2,1.19,1,N,237,236,1,8.6,0.0,0.5,2.52,0.0,1.0,15.12,2.5,0.0,0.0
2,2025-08-10 16:26:30,2025-08-10 16:34:50,1,1.75,1,N,229,236,1,10.7,0.0,0.5,3.09,0.0,1.0,18.54,2.5,0.0,0.75
2,2025-08-10 16:31:33,2025-08-10 16:48:52,3,2.63,1,N,43,48,2,17.0,0.0,0.5,0.0,0.0,1.0,21.75,2.5,0.0,0.75
2,2025-08-10 16:53:30,2025-08-10 17:07:26,3,2.59,1,N,141,238,1,15.6,0.0,0.5,3.25,0.0,1.0,23.6,2.5,0.0,0.75
2,2025-08-10 17:03:12,2025-08-10 17:14:28,1,2.3,1,N,50,239,1,13.5,0.0,0.5,0.0,0.0,1.0,18.25,2.5,0.0,0.75
2,2025-08-10 17:15:06,2025-08-10 17:19:46,1,0.81,1,N,236,236,1,7.2,0.0,0.5,2.24,0.0,1.0,13.44,2.5,0.0,0.0
2,2025-08-10 17:19:04,2025-08-10 17:30:56,1,4.44,1,N,132,139,2,19.8,0.0,0.5,0.0,0.0,1.0,23.05,0.0,1.75,0.0
2,2025-08-10 17:25:20,2025-08-10 17:31:37,1,1.41,1,N,141,262,1,9.3,0.0,0.5,2.66,0.0,1.0,15.96,2.5,0.0,0.0
2,2025-08-10 17:25:24,2025-08-10 18:20:09,1,15.47,1,N,132,89,1,67.4,0.0,0.5,10.0,0.0,1.0,80.65,0.0,1.75,0.0
2,2025-08-10 17:34:30,2025-08-10 17:46:59,1,1.55,1,N,113,170,3,12.8,0.0,0.5,0.0,0.0,1.0,17.55,2.5,0.0,0.75
2,2025-08-10 17:45:23,2025-08-10 18:18:17,1,7.38,1,N,50,54,1,37.3,0.0,0.5,5.0,6.94,1.0,53.99,2.5,0.0,0.75
1,2025-08-10 17:47:46,2025-08-10 17:52:50,1,1.1,1,N,48,43,1,7.2,3.25,0.5,1.0,0.0,1.0,12.95,2.5,0.0,0.75
2,2025-08-10 18:00:03,2025-08-10 18:08:19,1,0.68,1,N,161,163,1,8.6,0.0,0.5,2.67,0.0,1.0,16.02,2.5,0.0,0.75
2,2025-08-10 18:20:46,2025-08-10 18:26:12,1,1.06,1,N,143,48,1,7.9,0.0,0.5,2.53,0.0,1.0,15.18,2.5,0.0,0.75
2,2025-08-10 18:34:19,2025-08-10 18:40:36,1,0.63,1,N,229,141,1,7.2,0.0,0.5,2.0,0.0,1.0,13.95,2.5,0.0,0.75
2,2025-08-10 18:35:54,2025-08-10 19:03:19,1,9.68,1,N,138,246,1,40.8,5.0,0.5,10.0,6.94,1.0,69.24,2.5,1.75,0.75
1,2025-08-10 18:36:59,2025-08-10 19:19:24,1,16.1,1,N,132,208,2,62.5,1.75,0.5,0.0,6.94,1.0,72.69,0.0,1.75,0.0
2,2025-08-10 18:46:29,2025-08-10 18:55:05,4,1.4,1,N,50,239,2,10.7,0.0,0.5,0.0,0.0,1.0,15.45,2.5,0.0,0.75
1,2025-08-10 18:47:59,2025-08-10 19:08:20,2,2.9,1,N,142,140,1,13.5,2.5,0.5,3.0,0.0,1.0,20.5,2.5,0.0,0.0
2,2025-08-10 18:55:33,2025-08-10 19:08:25,1,1.9,1,N,68,142,1,13.5,0.0,0.5,1.82,0.0,1.0,20.07,2.5,0.0,0.75
1,2025-08-10 19:01:26,2025-08-10 21:00:26,1,12.4,99,N,234,32,1,42.5,0.0,0.5,0.0,0.0,0.0,43.0,0.0,0.0,0.0
2,2025-08-10 19:06:22,2025-08-10 19:23:01,1,5.99,1,N,142,244,2,25.4,0.0,0.5,0.0,0.0,1.0,29.4,2.5,0.0,0.0
2,2025-08-10 19:14:06,2025-08-10 19:27:31,2,1.75,1,N,239,151,2,13.5,0.0,0.5,0.0,0.0,1.0,17.5,2.5,0.0,0.0
2,2025-08-10 19:21:46,2025-08-10 20:04:49,1,16.91,2,N,164,132,1,70.0,0.0,0.5,5.0,6.94,1.0,86.69,2.5,0.0,0.75
1,2025-08-10 19:22:49,2025-08-10 19:34:06,2,1.9,1,N,233,234,2,12.8,3.25,0.5,0.0,0.0,1.0,17.55,2.5,0.0,0.75
2,2025-08-10 19:35:59,2025-08-10 19:43:33,1,1.04,1,N,211,79,1,8.6,0.0,0.5,2.67,0.0,1.0,16.02,2.5,0.0,0.75
2,2025-08-10 19:37:22,2025-08-10 20:08:32,1,4.36,1,N,231,230,1,30.3,0.0,0.5,7.01,0.0,1.0,42.06,2.5,0.0,0.75
2,2025-08-10 19:41:19,2025-08-10 20:39:30,1,20.66,2,N,132,243,1,70.0,0.0,0.5,15.0,6.94,1.0,95.19,0.0,1.75,0.0
2,2025-08-10 19:42:04,2025-08-10 19:51:54,1,1.31,1,N,125,79,1,10.7,0.0,0.5,0.0,0.0,1.0,15.45,2.5,0.0,0.75
2,2025-08-10 19:47:41,2025-08-10 19:50:30,1,0.45,1,N,141,162,1,5.1,0.0,0.5,1.97,0.0,1.0,11.82,2.5,0.0,0.75
2,2025-08-10 19:48:35,2025-08-10 19:59:27,1,1.63,1,N,107,161,1,11.4,0.0,0.5,4.04,0.0,1.0,20.19,2.5,0.0,0.75
2,2025-08-10 19:50:42,2025-08-10 20:19:02,1,4.64,1,N,125,236,1,28.2,0.0,0.5,2.0,0.0,1.0,34.95,2.5,0.0,0.75
2,2025-08-10 19:51:06,2025-08-10 20:01:24,2,1.87,1,N,113,246,1,12.1,0.0,0.5,3.37,0.0,1.0,20.22,2.5,0.0,0.75
2,2025-08-10 19:52:10,2025-08-10 19:57:02,1,0.78,1,N,142,239,1,7.2,0.0,0.5,2.24,0.0,1.0,13.44,2.5,0.0,0.0
2,2025-08-10 19:56:15,2025-08-10 20:04:20,1,1.27,1,N,186,107,2,9.3,0.0,0.5,0.0,0.0,1.0,14.05,2.5,0.0,0.75
2,2025-08-10 19:57:59,2025-08-10 19:59:27,1,0.26,1,N,151,24,1,4.4,0.0,0.5,1.18,0.0,1.0,7.08,0.0,0.0,0.0
2,2025-08-10 20:02:16,2025-08-10 20:42:46,3,16.58,1,N,132,182,2,64.6,1.0,0.5,0.0,6.94,1.0,75.79,0.0,1.75,0.0
1,2025-08-10 20:08:12,2025-08-10 20:21:16,1,3.1,1,N,234,142,1,15.6,4.25,0.5,4.25,0.0,1.0,25.6,2.5,0.0,0.75
2,2025-08-10 20:16:58,2025-08-10 21:07:10,1,16.67,2,N,132,100,1,70.0,0.0,0.5,16.34,6.94,1.0,99.78,2.5,1.75,0.75
2,2025-08-10 20:24:44,2025-08-10 20:39:26,1,3.64,1,N,141,202,1,17.7,1.0,0.5,4.69,0.0,1.0,28.14,2.5,0.0,0.75
2,2025-08-10 20:38:33,2025-08-10 20:49:24,1,1.86,1,N,263,142,2,12.1,1.0,0.5,0.0,0.0,1.0,17.1,2.5,0.0,0.0
2,2025-08-10 20:46:43,2025-08-10 21:11:14,1,3.49,1,N,186,262,1,24.0,1.0,0.5,5.95,0.0,1.0,35.7,2.5,0.0,0.75
2,2025-08-10 21:05:31,2025-08-10 21:17:25,1,1.72,1,N,79,90,1,12.1,1.0,0.5,3.57,0.0,1.0,21.42,2.5,0.0,0.75
2,2025-08-10 21:15:37,2025-08-10 21:39:15,1,10.57,1,N,138,161,1,41.5,6.0,0.5,11.84,6.94,1.0,72.78,2.5,1.75,0.75
2,2025-08-10 21:21:18,2025-08-10 21:26:02,1,0.73,1,N,107,164,1,6.5,1.0,0.5,1.22,0.0,1.0,13.47,2.5,0.0,0.75
2,2025-08-10 21:28:29,2025-08-10 21:31:46,3,0.85,1,N,43,163,1,6.5,1.0,0.5,2.45,0.0,1.0,14.7,2.5,0.0,0.75
2,2025-08-10 21:38:56,2025-08-10 21:53:08,2,3.15,1,N,234,143,1,17.0,1.0,0.5,4.55,0.0,1.0,27.3,2.5,0.0,0.75
2,2025-08-10 21:40:26,2025-08-10 21:47:56,1,0.66,1,N,161,229,1,8.6,1.0,0.5,3.59,0.0,1.0,17.94,2.5,0.0,0.75
1,2025-08-10 21:44:28,2025-08-10 21:49:46,1,0.8,1,N,68,234,1,6.5,4.25,0.5,3.05,0.0,1.0,15.3,2.5,0.0,0.75
2,2025-08-10 22:08:50,2025-08-10 22:24:41,2,3.73,1,N,66,181,2,19.1,1.0,0.5,0.0,0.0,1.0,21.6,0.0,0.0,0.0
2,2025-08-10 22:13:07,2025-08-10 22:54:52,1,17.25,2,N,132,113,1,70.0,0.0,0.5,0.0,6.94,1.0,83.44,2.5,1.75,0.75
1,2025-08-10 22:22:15,2025-08-10 22:30:26,1,1.2,1,N,162,50,2,8.6,4.25,0.5,0.0,0.0,1.0,14.35,2.5,0.0,0.75
2,2025-08-10 22:38:50,2025-08-10 23:14:52,1,17.06,2,N,132,234,1,70.0,0.0,0.5,16.69,6.94,1.0,100.13,2.5,1.75,0.75
1,2025-08-10 22:47:46,2025-08-10 22:54:30,1,1.9,1,N,239,41,1,10.0,3.5,0.5,3.0,0.0,1.0,18.0,2.5,0.0,0.0
1,2025-08-10 22:49:07,2025-08-10 23:02:18,1,6.3,1,N,138,121,1,24.7,7.75,0.5,6.8,0.0,1.0,40.75,0.0,1.75,0.0
2,2025-08-10 23:11:48,2025-08-10 23:29:41,1,2.82,1,N,68,231,1,18.4,1.0,0.5,2.5,0.0,1.0,26.65,2.5,0.0,0.75
2,2025-08-10 23:17:45,2025-08-10 23:22:36,1,0.97,1,N,161,142,1,7.2,1.0,0.5,2.59,0.0,1.0,15.54,2.5,0.0,0.75
2,2025-08-10 23:28:54,2025-08-10 23:57:06,1,15.31,1,N,132,145,1,60.4,1.0,0.5,3.0,0.0,1.0,67.65,0.0,1.75,0.0
2,2025-08-10 23:39:12,2025-08-10 23:49:53,1,2.52,1,N,170,236,1,12.8,1.0,0.5,1.86,0.0,1.0,20.41,2.5,0.0,0.75
2,2025-08-10 23:48:28,2025-08-11 00:01:41,1,2.27,1,N,162,79,1,14.9,1.0,0.5,4.13,0.0,1.0,24.78,2.5,0.0,0.75
2,2025-08-10 23:54:46,2025-08-11 00:08:01,1,7.65,1,N,132,93,2,29.6,1.0,0.5,0.0,0.0,1.0,33.85,0.0,1.75,0.0
2,2025-08-11 00:20:00,2025-08-11 00:57:17,1,19.12,1,N,132,66,1,72.3,1.0,0.5,14.96,0.0,1.0,91.51,0.0,1.75,0.0
2,2025-08-11 00:34:04,2025-08-11 00:45:43,1,2.38,1,N,186,141,1,13.5,1.0,0.5,2.0,0.0,1.0,21.25,2.5,0.0,0.75
2,2025-08-11 02:27:42,2025-08-11 02:33:30,1,2.81,1,N,132,218,2,12.8,1.0,0.5,0.0,0.0,1.0,17.05,0.0,1.75,0.0
2,2025-08-11 05:33:44,2025-08-11 05:43:12,1,1.83,1,N,162,68,1,11.4,1.0,0.5,3.43,0.0,1.0,20.58,2.5,0.0,0.75
1,2025-08-11 07:10:39,2025-08-11 08:03:36,1,11.7,99,N,91,170,1,40.5,0.0,0.5,0.0,0.0,0.0,41.0,0.0,0.0,0.0
2,2025-08-11 07:12:22,2025-08-11 07:21:10,5,2.25,1,N,75,161,1,12.1,0.0,0.5,4.21,0.0,1.0,21.06,2.5,0.0,0.75
1,2025-08-11 07:21:46,2025-08-11 07:26:56,1,1.2,1,N,50,239,1,7.9,3.25,0.5,3.15,0.0,1.0,15.8,2.5,0.0,0.75
2,2025-08-11 07:46:54,2025-08-11 08:07:28,1,3.64,1,N,107,142,1,21.2,0.0,0.5,5.19,0.0,1.0,31.14,2.5,0.0,0.75
1,2025-08-11 07:57:06,2025-08-11 08:11:34,1,2.1,1,N,162,237,1,15.6,0.0,0.5,3.4,0.0,1.0,20.5,0.0,0.0,0.0
2,2025-08-11 07:58:19,2025-08-11 08:08:25,1,2.03,1,N,236,161,1,12.1,0.0,0.5,3.37,0.0,1.0,20.22,2.5,0.0,0.75
1,2025-08-11 08:04:37,2025-08-11 08:23:48,1,3.7,1,N,140,68,1,19.1,3.25,0.5,3.0,0.0,1.0,26.85,2.5,0.0,0.75
2,2025-08-11 08:07:52,2025-08-11 09:19:25,1,27.01,2,N,132,50,1,70.0,0.0,0.5,10.0,6.94,1.0,92.69,2.5,1.75,0.0
2,2025-08-11 08:53:06,2025-08-11 09:00:51,1,0.9,1,N,164,246,1,8.6,0.0,0.5,2.67,0.0,1.0,16.02,2.5,0.0,0.75
2,2025-08-11 09:13:34,2025-08-11 09:19:42,1,1.53,1,N,236,237,1,9.3,0.0,0.5,2.81,0.0,1.0,16.86,2.5,0.0,0.75
2,2025-08-11 09:13:37,2025-08-11 10:07:15,1,17.91,2,N,132,68,1,70.0,0.0,0.5,20.42,6.94,1.0,103.86,2.5,1.75,0.75
2,2025-08-11 09:20:43,2025-08-11 09:43:33,1,1.73,1,N,186,79,1,19.8,0.0,0.5,0.0,0.0,1.0,24.55,2.5,0.0,0.75
2,2025-08-11 09:21:53,2025-08-11 09:35:18,1,2.45,1,N,262,161,1,14.9,0.0,0.5,3.93,0.0,1.0,23.58,2.5,0.0,0.75
2,2025-08-11 09:26:29,2025-08-11 09:44:21,2,2.77,1,N,236,170,1,18.4,0.0,0.5,3.0,0.0,1.0,26.15,2.5,0.0,0.75
2,2025-08-11 09:27:24,2025-08-11 09:42:30,1,1.91,1,N,170,68,1,14.9,0.0,0.5,3.93,0.0,1.0,23.58,2.5,0.0,0.75
2,2025-08-11 09:30:35,2025-08-11 09:45:11,1,1.39,1,N,161,140,1,13.5,0.0,0.5,1.0,0.0,1.0,19.25,2.5,0.0,0.75
2,2025-08-11 09:41:31,2025-08-11 09:56:14,2,1.77,1,N,164,43,1,14.2,0.0,0.5,4.74,0.0,1.0,23.69,2.5,0.0,0.75
2,2025-08-11 09:42:22,2025-08-11 09:49:05,1,0.61,1,N,140,140,1,7.2,0.0,0.5,2.5,0.0,1.0,13.7,2.5,0.0,0.0
1,2025-08-11 09:48:21,2025-08-11 10:20:28,1,3.0,99,N,61,97,1,22.5,0.0,0.5,0.0,0.0,0.0,23.0,0.0,0.0,0.0
2,2025-08-11 09:56:41,2025-08-11 10:12:40,1,5.29,1,N,132,180,4,22.6,0.0,0.5,0.0,0.0,1.0,25.85,0.0,1.75,0.0
2,2025-08-11 10:03:28,2025-08-11 10:27:28,1,3.96,1,N,140,234,1,26.1,0.0,0.5,6.17,0.0,1.0,37.02,2.5,0.0,0.75
2,2025-08-11 10:26:36,2025-08-11 10:28:37,1,0.72,1,N,75,43,1,5.1,0.0,0.5,1.82,0.0,1.0,10.92,2.5,0.0,0.0
2,2025-08-11 10:37:11,2025-08-11 11:12:34,2,3.84,1,N,166,141,2,29.6,0.0,0.5,0.0,0.0,1.0,33.6,2.5,0.0,0.0
1,2025-08-11 10:40:33,2025-08-11 11:26:15,1,4.6,99,N,260,161,1,23.5,0.0,0.5,0.0,0.0,0.0,24.0,0.0,0.0,0.0
2,2025-08-11 10:59:23,2025-08-11 11:15:37,1,2.31,1,N,162,236,1,15.6,0.0,0.5,4.07,0.0,1.0,24.42,2.5,0.0,0.75
1,2025-08-11 11:00:52,2025-08-11 12:00:26,1,3.0,99,N,159,75,1,23.5,0.0,0.5,0.0,0.0,0.0,24.0,0.0,0.0,0.0
1,2025-08-11 11:07:29,2025-08-11 11:28:26,1,3.0,99,N,133,228,1,21.5,0.0,0.5,0.0,0.0,0.0,22.0,0.0,0.0,0.0
1,2025-08-11 11:10:36,2025-08-11 11:19:50,2,4.8,1,Y,137,261,2,19.8,3.25,0.5,0.0,0.0,1.0,24.55,2.5,0.0,0.75
2,2025-08-11 11:12:25,2025-08-11 11:25:11,1,2.22,1,N,237,234,1,14.9,0.0,0.5,3.93,0.0,1.0,23.58,2.5,0.0,0.75
2,2025-08-11 11:13:22,2025-08-11 11:21:16,1,1.26,1,N,141,262,1,9.3,0.0,0.5,2.81,0.0,1.0,16.86,2.5,0.0,0.75
2,2025-08-11 11:14:24,2025-08-11 11:20:46,1,0.88,1,N,161,237,2,7.9,0.0,0.5,0.0,0.0,1.0,12.65,2.5,0.0,0.75
2,2025-08-11 11:28:08,2025-08-11 11:33:37,1,0.97,1,N,68,90,1,7.2,0.0,0.5,2.0,0.0,1.0,13.95,2.5,0.0,0.75
2,2025-08-11 11:29:25,2025-08-11 11:42:43,1,1.99,1,N,143,162,1,14.2,0.0,0.5,2.0,0.0,1.0,20.95,2.5,0.0,0.75
1,2025-08-11 11:34:14,2025-08-11 12:34:22,1,10.1,99,N,170,26,1,38.5,0.0,0.5,0.0,0.0,0.0,39.0,0.0,0.0,0.0
2,2025-08-11 11:36:51,2025-08-11 11:43:02,1,1.17,1,N,142,239,1,8.6,0.0,0.5,2.52,0.0,1.0,15.12,2.5,0.0,0.0
2,2025-08-11 11:44:46,2025-08-11 11:56:05,1,1.21,1,N,162,141,1,11.4,0.0,0.5,3.23,0.0,1.0,19.38,2.5,0.0,0.75
2,2025-08-11 11:48:27,2025-08-11 11:54:47,1,0.75,1,N,229,163,1,7.9,0.0,0.5,2.53,0.0,1.0,15.18,2.5,0.0,0.75
2,2025-08-11 11:52:27,2025-08-11 12:14:51,1,3.52,1,N,236,246,2,21.9,0.0,0.5,0.0,0.0,1.0,26.65,2.5,0.0,0.75
2,2025-08-11 12:04:10,2025-08-11 12:21:15,1,1.6,1,N,170,48,1,15.6,0.0,0.5,4.07,0.0,1.0,24.42,2.5,0.0,0.75
2,2025-08-11 12:11:36,2025-08-11 12:52:54,2,11.35,1,N,138,40,1,50.6,5.0,0.5,11.42,0.0,1.0,70.27,0.0,1.75,0.0
1,2025-08-11 12:15:10,2025-08-11 13:24:52,1,11.3,99,N,162,39,1,50.5,0.0,0.5,0.0,6.94,0.0,57.94,0.0,0.0,0.0
2,2025-08-11 12:23:33,2025-08-11 12:34:07,1,0.91,1,N,162,170,1,10.7,0.0,0.5,1.0,0.0,1.0,16.45,2.5,0.0,0.75
2,2025-08-11 12:24:48,2025-08-11 12:40:40,2,1.96,1,N,262,237,2,15.6,0.0,0.5,0.0,0.0,1.0,20.35,2.5,0.0,0.75
2,2025-08-11 12:27:36,2025-08-11 12:37:27,1,0.67,1,N,141,140,1,10.0,0.0,0.5,2.8,0.0,1.0,16.8,2.5,0.0,0.0
1,2025-08-11 12:31:38,2025-08-11 12:38:12,1,0.9,1,N,170,162,2,7.9,3.25,0.5,0.0,0.0,1.0,12.65,2.5,0.0,0.75
2,2025-08-11 12:33:58,2025-08-11 12:44:20,1,1.87,1,N,238,143,1,12.8,0.0,0.5,1.0,0.0,1.0,17.8,2.5,0.0,0.0
2,2025-08-11 12:35:32,2025-08-11 12:46:39,3,1.47,1,N,261,45,2,11.4,0.0,0.5,0.0,0.0,1.0,16.15,2.5,0.0,0.75
2,2025-08-11 12:38:13,2025-08-11 13:07:05,1,6.74,1,N,162,33,1,35.2,0.0,0.5,9.99,0.0,1.0,49.94,2.5,0.0,0.75
2,2025-08-11 12:41:52,2025-08-11 12:56:32,1,0.93,1,N,186,230,1,13.5,0.0,0.5,0.0,0.0,1.0,18.25,2.5,0.0,0.75
2,2025-08-11 12:46:08,2025-08-11 12:51:18,1,0.98,1,N,43,164,1,7.2,0.0,0.5,2.99,0.0,1.0,14.94,2.5,0.0,0.75
1,2025-08-11 12:52:21,2025-08-11 12:59:31,2,0.9,1,N,142,163,1,7.9,3.25,0.5,3.15,0.0,1.0,15.8,2.5,0.0,0.75
2,2025-08-11 12:56:02,2025-08-11 13:07:18,2,1.33,1,N,140,162,2,11.4,0.0,0.5,0.0,0.0,1.0,16.15,2.5,0.0,0.75
2,2025-08-11 13:03:47,2025-08-11 14:04:46,1,16.81,2,N,234,132,1,70.0,0.0,0.5,5.0,6.94,1.0,86.69,2.5,0.0,0.75
2,2025-08-11 13:03:56,2025-08-11 13:21:33,1,3.05,1,N,239,246,1,19.8,0.0,0.5,4.91,0.0,1.0,29.46,2.5,0.0,0.75
2,2025-08-11 13:13:52,2025-08-11 13:38:14,1,3.82,1,N,261,164,2,24.0,0.0,0.5,0.0,0.0,1.0,28.75,2.5,0.0,0.75
2,2025-08-11 13:17:50,2025-08-11 14:18:30,2,17.64,2,N,162,132,1,70.0,0.0,0.5,2.0,6.94,1.0,83.69,2.5,0.0,0.75
2,2025-08-11 13:21:37,2025-08-11 13:37:14,3,1.49,1,N,68,230,1,14.2,0.0,0.5,0.0,0.0,1.0,18.95,2.5,0.0,0.75
1,2025-08-11 13:22:33,2025-08-11 14:22:41,1,10.8,99,N,130,181,1,42.5,0.0,0.5,0.0,0.0,0.0,43.0,0.0,0.0,0.0
2,2025-08-11 13:25:33,2025-08-11 13:34:58,1,0.83,1,N,163,170,1,9.3,0.0,0.5,2.81,0.0,1.0,16.86,2.5,0.0,0.75
2,2025-08-11 13:39:31,2025-08-11 13:56:05,1,1.09,1,N,186,164,1,14.9,0.0,0.5,3.93,0.0,1.0,23.58,2.5,0.0,0.75
2,2025-08-11 13:39:57,2025-08-11 13:59:13,1,3.25,1,N,100,13,1,19.8,0.0,0.5,4.91,0.0,1.0,29.46,2.5,0.0,0.75
2,2025-08-11 13:42:15,2025-08-11 13:48:34,1,0.69,1,N,237,141,2,7.2,0.0,0.5,0.0,0.0,1.0,11.2,2.5,0.0,0.0
2,2025-08-11 13:56:45,2025-08-11 14:06:30,1,1.76,1,N,239,238,1,12.1,0.0,0.5,4.03,0.0,1.0,20.13,2.5,0.0,0.0
2,2025-08-11 14:11:00,2025-08-11 14:15:25,1,0.43,1,N,142,48,4,5.8,0.0,0.5,0.0,0.0,1.0,10.55,2.5,0.0,0.75
1,2025-08-11 14:20:02,2025-08-11 14:34:49,1,1.9,1,N,43,161,2,14.9,3.25,0.5,0.0,0.0,1.0,19.65,2.5,0.0,0.75
2,2025-08-11 14:37:18,2025-08-11 14:54:40,1,2.49,1,N,186,79,1,17.7,0.0,0.5,5.61,0.0,1.0,28.06,2.5,0.0,0.75
2,2025-08-11 14:39:15,2025-08-11 14:41:43,1,0.58,1,N,237,237,1,5.1,0.0,0.5,2.27,0.0,1.0,11.37,2.5,0.0,0.0
2,2025-08-11 14:42:40,2025-08-11 14:45:36,1,0.52,1,N,263,236,1,5.1,0.0,0.5,1.36,0.0,1.0,10.46,2.5,0.0,0.0
2,2025-08-11 14:47:52,2025-08-11 14:54:36,1,0.61,1,N,140,262,1,7.2,0.0,0.5,2.39,0.0,1.0,14.34,2.5,0.0,0.75
1,2025-08-11 14:55:12,2025-08-11 15:02:55,1,0.6,1,N,161,162,2,7.9,3.25,0.5,0.0,0.0,1.0,12.65,2.5,0.0,0.75
2,2025-08-11 14:56:22,2025-08-11 15:05:37,1,1.29,1,N,230,237,1,10.0,0.0,0.5,2.21,0.0,1.0,16.96,2.5,0.0,0.75
1,2025-08-11 14:58:39,2025-08-11 15:21:08,1,2.4,99,N,166,263,1,20.5,0.0,0.5,0.0,0.0,0.0,21.0,0.0,0.0,0.0
2,2025-08-11 15:11:34,2025-08-11 15:28:55,1,3.13,1,N,68,140,1,18.4,0.0,0.5,4.63,0.0,1.0,27.78,2.5,0.0,0.75
2,2025-08-11 15:13:23,2025-08-11 15:23:53,1,1.98,1,N,125,100,2,12.8,0.0,0.5,0.0,0.0,1.0,17.55,2.5,0.0,0.75
2,2025-08-11 15:15:36,2025-08-11 15:34:55,1,2.49,1,N,75,229,1,19.1,0.0,0.5,3.58,0.0,1.0,27.43,2.5,0.0,0.75
2,2025-08-11 15:17:35,2025-08-11 15:31:22,1,1.54,1,N,170,246,1,13.5,0.0,0.5,3.65,0.0,1.0,21.9,2.5,0.0,0.75
1,2025-08-11 15:31:48,2025-08-11 15:46:08,4,1.8,1,N,68,143,2,12.8,0.0,0.5,0.0,0.0,1.0,14.3,0.0,0.0,0.0
1,2025-08-11 15:32:59,2025-08-11 15:37:20,1,0.5,1,N,229,162,1,5.8,3.25,0.5,3.15,0.0,1.0,13.7,2.5,0.0,0.75
2,2025-08-11 15:34:38,2025-08-11 15:49:52,1,5.16,1,N,151,90,1,22.6,0.0,0.5,6.84,0.0,1.0,34.19,2.5,0.0,0.75
2,2025-08-11 15:37:12,2025-08-11 16:02:15,4,3.01,1,N,236,164,1,23.3,0.0,0.5,7.01,0.0,1.0,35.06,2.5,0.0,0.75
2,2025-08-11 15:42:57,2025-08-11 16:02:00,2,3.25,1,N,148,162,1,19.8,0.0,0.5,0.0,0.0,1.0,24.55,2.5,0.0,0.75
2,2025-08-11 15:43:17,2025-08-11 15:58:23,1,1.58,1,N,261,144,1,14.2,0.0,0.5,4.74,0.0,1.0,23.69,2.5,0.0,0.75
1,2025-08-11 15:46:03,2025-08-11 15:54:38,1,1.8,1,N,50,234,1,10.0,3.25,0.5,4.4,0.0,1.0,19.15,2.5,0.0,0.75
1,2025-08-11 15:53:14,2025-08-11 16:02:14,1,1.7,1,Y,162,140,1,10.7,3.25,0.5,3.05,0.0,1.0,18.5,2.5,0.0,0.75
2,2025-08-11 15:55:04,2025-08-11 16:07:28,1,2.62,1,N,203,219,1,14.9,0.0,0.5,0.0,0.0,1.0,16.4,0.0,0.0,0.0
1,2025-08-11 16:02:02,2025-08-11 17:05:01,1,19.3,2,N,132,43,2,70.0,9.25,0.5,0.0,6.94,1.0,87.69,2.5,1.75,0.0
2,2025-08-11 16:04:45,2025-08-11 16:24:24,2,2.06,1,N,161,113,1,17.7,2.5,0.5,4.99,0.0,1.0,29.94,2.5,0.0,0.75
2,2025-08-11 16:06:51,2025-08-11 16:16:16,1,1.89,1,N,237,239,1,12.1,0.0,0.5,3.37,0.0,1.0,20.22,2.5,0.0,0.75
2,2025-08-11 16:07:21,2025-08-11 16:12:18,2,1.18,1,N,48,143,1,7.9,2.5,0.5,3.79,0.0,1.0,18.94,2.5,0.0,0.75
2,2025-08-11 16:17:47,2025-08-11 16:25:35,1,0.57,1,N,151,166,1,8.6,2.5,0.5,2.52,0.0,1.0,15.12,0.0,0.0,0.0
2,2025-08-11 16:20:09,2025-08-11 16:29:27,1,1.71,1,N,24,236,2,11.4,2.5,0.5,0.0,0.0,1.0,15.4,0.0,0.0,0.0
2,2025-08-11 16:21:28,2025-08-11 17:28:27,1,14.07,1,N,132,260,1,73.0,2.5,0.5,15.4,0.0,1.0,94.15,0.0,1.75,0.0
2,2025-08-11 16:23:21,2025-08-11 16:47:41,3,3.26,1,N,68,231,1,22.6,2.5,0.5,5.97,0.0,1.0,35.82,2.5,0.0,0.75
2,2025-08-11 16:46:37,2025-08-11 17:05:17,2,2.88,1,N,114,161,2,19.1,2.5,0.5,0.0,0.0,1.0,26.35,2.5,0.0,0.75
2,2025-08-11 16:49:17,2025-08-11 17:52:04,1,18.21,2,N,132,24,1,70.0,5.0,0.5,12.78,6.94,1.0,97.97,0.0,1.75,0.0
1,2025-08-11 16:50:01,2025-08-11 17:06:35,1,2.7,1,N,13,90,1,17.0,5.75,0.5,3.5,0.0,1.0,27.75,2.5,0.0,0.75
2,2025-08-11 16:56:21,2025-08-11 17:01:02,1,1.09,1,N,186,113,2,7.2,2.5,0.5,0.0,0.0,1.0,14.45,2.5,0.0,0.75
2,2025-08-11 17:13:37,2025-08-11 17:26:10,1,1.76,1,N,246,161,1,12.8,2.5,0.5,0.0,0.0,1.0,20.05,2.5,0.0,0.75
2,2025-08-11 17:28:30,2025-08-11 17:39:47,1,1.16,1,N,230,237,1,11.4,2.5,0.5,2.8,0.0,1.0,21.45,2.5,0.0,0.75
2,2025-08-11 17:33:01,2025-08-11 17:41:16,1,1.51,1,N,143,246,1,10.7,2.5,0.5,2.0,0.0,1.0,19.95,2.5,0.0,0.75
2,2025-08-11 17:35:35,2025-08-11 18:27:49,2,16.79,2,N,132,74,1,70.0,5.0,0.5,16.69,6.94,1.0,101.88,0.0,1.75,0.0
2,2025-08-11 17:42:57,2025-08-11 18:37:46,1,11.38,1,N,132,129,2,54.8,2.5,0.5,0.0,0.0,1.0,60.55,0.0,1.75,0.0
2,2025-08-11 17:44:23,2025-08-11 18:29:35,1,11.43,1,N,132,82,1,51.3,2.5,0.5,11.41,0.0,1.0,68.46,0.0,1.75,0.0
2,2025-08-11 17:47:10,2025-08-11 17:57:40,2,1.52,1,N,13,87,1,11.4,2.5,0.5,4.66,0.0,1.0,23.31,2.5,0.0,0.75
2,2025-08-11 17:48:57,2025-08-11 18:07:57,1,1.95,1,N,68,162,1,17.0,2.5,0.5,4.85,0.0,1.0,29.1,2.5,0.0,0.75
2,2025-08-11 17:50:01,2025-08-11 18:03:53,2,1.68,1,N,161,90,1,13.5,2.5,0.5,4.15,0.0,1.0,24.9,2.5,0.0,0.75
1,2025-08-11 18:10:28,2025-08-11 18:27:56,1,3.3,1,N,236,234,1,19.8,5.75,0.5,4.87,0.0,1.0,31.92,2.5,0.0,0.75
2,2025-08-11 18:16:01,2025-08-11 18:26:57,1,2.52,1,N,239,41,1,13.5,2.5,0.5,4.0,0.0,1.0,24.0,2.5,0.0,0.0
1,2025-08-11 18:21:48,2025-08-11 18:38:12,1,7.0,1,N,13,140,1,29.6,5.75,0.5,5.0,0.0,1.0,41.85,2.5,0.0,0.75
2,2025-08-11 18:24:36,2025-08-11 18:30:29,1,0.9,1,N,164,161,1,7.9,2.5,0.5,3.03,0.0,1.0,18.18,2.5,0.0,0.75
1,2025-08-11 18:35:30,2025-08-11 18:43:14,1,1.4,1,N,162,141,1,8.6,5.75,0.5,3.15,0.0,1.0,19.0,2.5,0.0,0.75
2,2025-08-11 18:40:36,2025-08-11 18:46:25,1,0.93,1,N,163,100,2,7.2,2.5,0.5,0.0,0.0,1.0,14.45,2.5,0.0,0.75
2,2025-08-11 18:44:27,2025-08-11 18:53:50,1,1.71,1,N,140,236,1,11.4,2.5,0.5,3.58,0.0,1.0,21.48,2.5,0.0,0.0
1,2025-08-11 18:58:25,2025-08-11 19:09:58,1,7.3,1,N,138,262,1,28.2,11.75,0.5,9.7,6.94,1.0,58.09,2.5,1.75,0.0
2,2025-08-11 19:03:29,2025-08-11 19:15:12,1,2.23,1,N,161,263,1,14.2,2.5,0.5,4.29,0.0,1.0,25.74,2.5,0.0,0.75
2,2025-08-11 19:16:23,2025-08-11 19:20:39,1,0.47,1,N,246,68,1,5.8,2.5,0.5,2.61,0.0,1.0,15.66,2.5,0.0,0.75
1,2025-08-11 19:28:36,2025-08-11 19:35:45,1,1.0,1,N,229,163,1,7.9,5.75,0.5,3.05,0.0,1.0,18.2,2.5,0.0,0.75
2,2025-08-11 19:34:23,2025-08-11 19:41:46,1,1.26,1,N,231,249,1,8.6,2.5,0.5,3.17,0.0,1.0,19.02,2.5,0.0,0.75
2,2025-08-11 19:35:56,2025-08-11 19:48:29,1,2.66,1,N,141,145,1,14.9,2.5,0.5,1.0,0.0,1.0,23.15,2.5,0.0,0.75
2,2025-08-11 19:38:13,2025-08-11 19:45:37,1,1.04,1,N,163,229,1,8.6,2.5,0.5,3.17,0.0,1.0,19.02,2.5,0.0,0.75
1,2025-08-11 19:40:37,2025-08-11 19:45:15,1,0.7,1,N,239,142,1,6.5,5.0,0.5,2.6,0.0,1.0,15.6,2.5,0.0,0.0
2,2025-08-11 20:04:32,2025-08-11 20:06:29,1,0.21,1,N,234,164,1,3.7,2.5,0.5,2.19,0.0,1.0,13.14,2.5,0.0,0.75
2,2025-08-11 20:20:30,2025-08-11 20:34:55,1,2.04,1,N,230,113,1,14.2,1.0,0.5,3.99,0.0,1.0,23.94,2.5,0.0,0.75
2,2025-08-11 20:21:47,2025-08-11 20:44:09,1,5.23,1,N,161,13,1,26.8,1.0,0.5,6.51,0.0,1.0,39.06,2.5,0.0,0.75
2,2025-08-11 20:34:23,2025-08-11 20:43:55,1,1.59,1,N,234,170,1,11.4,1.0,0.5,2.0,0.0,1.0,19.15,2.5,0.0,0.75
2,2025-08-11 20:35:04,2025-08-11 20:52:33,1,2.01,1,N,90,163,1,16.3,1.0,0.5,4.41,0.0,1.0,26.46,2.5,0.0,0.75
2,2025-08-11 20:52:10,2025-08-11 21:33:34,1,17.6,2,N,132,48,2,70.0,0.0,0.5,0.0,6.94,1.0,83.44,2.5,1.75,0.75
1,2025-08-11 20:55:46,2025-08-11 21:11:29,2,2.7,1,N,100,113,1,17.0,4.25,0.5,2.0,0.0,1.0,24.75,2.5,0.0,0.75
2,2025-08-11 21:04:00,2025-08-11 21:40:14,1,17.46,2,N,132,230,1,70.0,0.0,0.5,16.69,6.94,1.0,100.13,2.5,1.75,0.75
2,2025-08-11 21:08:30,2025-08-11 21:15:44,2,1.2,1,N,107,79,1,9.3,1.0,0.5,0.0,0.0,1.0,15.05,2.5,0.0,0.75
2,2025-08-11 21:09:31,2025-08-11 21:21:16,1,2.26,1,N,234,231,1,13.5,1.0,0.5,3.33,0.0,1.0,22.58,2.5,0.0,0.75
2,2025-08-11 21:12:03,2025-08-11 21:30:44,4,3.96,1,N,45,48,1,21.2,1.0,0.5,5.0,0.0,1.0,31.95,2.5,0.0,0.75
2,2025-08-11 21:14:12,2025-08-11 21:29:21,1,2.97,1,N,148,170,1,17.0,1.0,0.5,4.55,0.0,1.0,27.3,2.5,0.0,0.75
2,2025-08-11 21:20:03,2025-08-11 21:32:48,1,2.25,1,N,236,170,1,14.9,1.0,0.5,4.13,0.0,1.0,24.78,2.5,0.0,0.75
2,2025-08-11 21:23:33,2025-08-11 21:52:09,1,15.59,1,N,132,255,1,61.1,1.0,0.5,12.72,0.0,1.0,78.07,0.0,1.75,0.0
2,2025-08-11 21:25:52,2025-08-11 21:32:22,2,0.8,1,N,161,162,1,7.9,1.0,0.5,3.41,0.0,1.0,17.06,2.5,0.0,0.75
2,2025-08-11 21:30:15,2025-08-11 21:50:41,1,7.34,1,N,138,112,1,32.4,6.0,0.5,7.98,0.0,1.0,49.63,0.0,1.75,0.0
1,2025-08-11 21:33:54,2025-08-11 21:35:30,1,0.3,1,N,148,79,1,4.4,4.25,0.5,2.0,0.0,1.0,12.15,2.5,0.0,0.75
2,2025-08-11 21:49:27,2025-08-11 22:09:44,1,7.37,1,N,141,33,1,31.0,1.0,0.5,3.0,0.0,1.0,39.75,2.5,0.0,0.75
1,2025-08-11 21:56:17,2025-08-11 22:44:30,1,22.4,2,N,132,140,1,70.0,5.0,0.5,20.85,6.94,1.0,104.29,2.5,1.75,0.75
1,2025-08-11 22:10:56,2025-08-11 22:20:56,1,1.7,1,N,137,114,1,10.7,4.25,0.5,3.3,0.0,1.0,19.75,2.5,0.0,0.75
2,2025-08-11 22:11:08,2025-08-11 22:22:21,1,1.72,1,N,249,170,1,12.1,1.0,0.5,3.57,0.0,1.0,21.42,2.5,0.0,0.75
2,2025-08-11 22:12:32,2025-08-11 22:23:28,2,1.89,1,N,144,234,1,12.8,1.0,0.5,3.71,0.0,1.0,22.26,2.5,0.0,0.75
2,2025-08-11 22:43:08,2025-08-11 22:48:08,1,1.13,1,N,163,239,1,7.9,1.0,0.5,2.0,0.0,1.0,15.65,2.5,0.0,0.75
2,2025-08-11 23:08:46,2025-08-11 23:19:48,4,1.48,1,N,68,50,4,12.1,1.0,0.5,0.0,0.0,1.0,17.85,2.5,0.0,0.75
2,2025-08-11 23:11:34,2025-08-11 23:11:39,1,0.03,5,N,65,65,1,85.0,0.0,0.0,15.0,0.0,1.0,101.0,0.0,0.0,0.0
2,2025-08-11 23:11:52,2025-08-11 23:17:34,3,1.07,1,N,230,48,2,7.9,1.0,0.5,0.0,0.0,1.0,13.65,2.5,0.0,0.75
2,2025-08-11 23:22:00,2025-08-11 23:29:16,2,1.79,1,N,142,236,1,10.7,1.0,0.5,3.14,0.0,1.0,18.84,2.5,0.0,0.0
2,2025-08-11 23:25:31,2025-08-11 23:37:10,1,1.31,1,N,170,246,1,12.1,1.0,0.5,3.57,0.0,1.0,21.42,2.5,0.0,0.75
2,2025-08-11 23:32:52,2025-08-12 00:03:41,2,11.29,1,N,132,83,1,49.2,1.0,0.5,0.0,0.0,1.0,53.45,0.0,1.75,0.0
2,2025-08-11 23:39:10,2025-08-12 00:16:01,1,26.47,1,N,132,33,1,96.8,1.0,0.5,15.0,0.0,1.0,116.05,0.0,1.75,0.0
2,2025-08-11 23:48:18,2025-08-12 00:03:23,1,2.98,1,N,230,262,2,17.0,1.0,0.5,0.0,0.0,1.0,22.75,2.5,0.0,0.75
2,2025-08-11 23:56:40,2025-08-12 00:13:30,2,3.57,1,N,233,193,1,19.8,1.0,0.5,0.0,0.0,1.0,25.55,2.5,0.0,0.75
1,2025-08-12 00:14:03,2025-08-12 01:16:21,1,22.0,99,N,261,183,1,49.5,0.0,0.5,0.0,0.0,0.0,50.0,0.0,0.0,0.0
2,2025-08-12 00:22:28,2025-08-12 00:53:15,4,17.35,3,N,132,90,4,85.3,1.0,0.0,19.0,6.94,1.0,115.74,0.0,1.75,0.75
2,2025-08-12 00:24:02,2025-08-12 00:33:09,1,1.41,1,N,161,163,1,10.7,1.0,0.5,3.29,0.0,1.0,19.74,2.5,0.0,0.75
2,2025-08-12 01:17:22,2025-08-12 01:45:37,1,10.22,1,N,132,191,1,44.3,1.0,0.5,9.36,0.0,1.0,57.91,0.0,1.75,0.0
1,2025-08-12 06:18:33,2025-08-12 06:24:14,1,0.7,1,N,263,75,1,6.5,2.5,0.5,2.1,0.0,1.0,12.6,2.5,0.0,0.0
1,2025-08-12 06:37:21,2025-08-12 06:50:53,1,2.4,1,N,229,68,1,14.9,3.25,0.5,1.5,0.0,1.0,21.15,2.5,0.0,0.75
2,2025-08-12 07:22:36,2025-08-12 07:28:22,1,2.1,1,N,236,162,1,10.7,0.0,0.5,3.09,0.0,1.0,18.54,2.5,0.0,0.75
2,2025-08-12 07:31:13,2025-08-12 07:37:01,1,1.39,1,N,142,237,2,8.6,0.0,0.5,0.0,0.0,1.0,12.6,2.5,0.0,0.0
1,2025-08-12 08:14:05,2025-08-12 08:31:48,1,1.6,99,N,41,74,1,18.5,0.0,0.5,0.0,0.0,0.0,19.0,0.0,0.0,0.0
1,2025-08-12 08:15:51,2025-08-12 08:24:38,1,1.2,1,N,137,170,1,9.3,3.25,0.5,2.8,0.0,1.0,16.85,2.5,0.0,0.75
2,2025-08-12 08:31:15,2025-08-12 08:39:35,1,1.59,1,N,68,163,1,10.0,0.0,0.5,0.74,0.0,1.0,15.49,2.5,0.0,0.75
2,2025-08-12 08:38:22,2025-08-12 08:42:58,1,0.95,1,N,142,238,1,7.2,0.0,0.5,2.39,0.0,1.0,14.34,2.5,0.0,0.75
1,2025-08-12 08:40:17,2025-08-12 08:58:26,1,1.0,99,N,140,236,1,16.5,0.0,0.5,0.0,0.0,0.0,17.0,0.0,0.0,0.0
2,2025-08-12 08:43:17,2025-08-12 08:51:56,1,0.78,1,N,236,236,1,9.3,0.0,0.5,2.0,0.0,1.0,15.3,2.5,0.0,0.0
1,2025-08-12 08:55:00,2025-08-12 09:13:04,1,1.8,1,N,186,161,1,16.3,3.25,0.5,4.2,0.0,1.0,25.25,2.5,0.0,0.75
2,2025-08-12 08:57:14,2025-08-12 09:03:42,1,0.73,1,N,163,237,1,7.9,0.0,0.5,2.0,0.0,1.0,14.65,2.5,0.0,0.75
2,2025-08-12 09:01:56,2025-08-12 09:17:02,1,1.67,1,N,162,142,1,14.9,0.0,0.5,4.91,0.0,1.0,24.56,2.5,0.0,0.75
2,2025-08-12 09:03:36,2025-08-12 09:15:18,1,1.53,1,N,164,114,1,12.8,0.0,0.5,1.0,0.0,1.0,18.55,2.5,0.0,0.75
2,2025-08-12 09:08:56,2025-08-12 09:22:52,1,2.26,1,N,79,162,1,14.9,0.0,0.5,3.93,0.0,1.0,23.58,2.5,0.0,0.75
2,2025-08-12 09:12:04,2025-08-12 09:29:08,1,2.53,1,N,239,162,1,17.7,0.0,0.5,4.49,0.0,1.0,26.94,2.5,0.0,0.75
2,2025-08-12 09:16:11,2025-08-12 09:21:02,1,1.45,1,N,137,229,1,7.9,0.0,0.5,2.53,0.0,1.0,15.18,2.5,0.0,0.75
2,2025-08-12 09:18:35,2025-08-12 09:34:56,1,1.34,1,N,68,137,1,14.9,0.0,0.5,3.54,0.0,1.0,23.19,2.5,0.0,0.75
2,2025-08-12 09:28:36,2025-08-12 09:37:35,1,1.14,1,N,186,234,2,10.0,0.0,0.5,0.0,0.0,1.0,14.75,2.5,0.0,0.75
2,2025-08-12 09:38:33,2025-08-12 09:47:23,2,0.58,1,N,100,170,2,8.6,0.0,0.5,0.0,0.0,1.0,13.35,2.5,0.0,0.75
2,2025-08-12 09:40:07,2025-08-12 11:34:11,1,27.09,1,N,164,164,1,138.1,0.0,0.5,44.94,6.94,1.0,194.73,2.5,0.0,0.75
1,2025-08-12 09:44:23,2025-08-12 10:54:55,1,18.3,99,N,91,169,1,58.5,0.0,0.5,0.0,0.0,0.0,59.0,0.0,0.0,0.0
1,2025-08-12 09:56:02,2025-08-12 09:59:12,1,0.4,1,N,107,234,1,5.1,3.25,0.5,2.0,0.0,1.0,11.85,2.5,0.0,0.75
2,2025-08-12 10:06:08,2025-08-12 10:20:53,1,1.54,1,N,100,68,1,14.2,0.0,0.5,3.79,0.0,1.0,22.74,2.5,0.0,0.75
2,2025-08-12 10:06:40,2025-08-12 10:25:03,2,1.77,1,N,233,134,1,16.3,0.0,0.5,5.26,0.0,1.0,26.31,2.5,0.0,0.75
1,2025-08-12 10:14:22,2025-08-12 10:32:51,1,1.8,1,N,236,161,1,16.3,3.25,0.5,1.5,0.0,1.0,22.55,2.5,0.0,0.75
2,2025-08-12 10:24:53,2025-08-12 10:32:16,1,0.49,1,N,161,164,1,7.9,0.0,0.5,0.0,0.0,1.0,12.65,2.5,0.0,0.75
1,2025-08-12 10:34:49,2025-08-12 10:45:54,1,1.2,1,N,141,142,2,10.7,2.5,0.5,0.0,0.0,1.0,14.7,2.5,0.0,0.0
1,2025-08-12 10:41:33,2025-08-12 11:18:43,1,4.1,99,N,82,140,1,27.5,0.0,0.5,0.0,0.0,0.0,28.0,0.0,0.0,0.0
2,2025-08-12 10:41:43,2025-08-12 11:10:39,1,3.72,1,N,249,237,1,26.1,0.0,0.5,6.15,0.0,1.0,37.0,2.5,0.0,0.75
2,2025-08-12 10:56:25,2025-08-12 11:02:50,1,0.82,1,N,236,236,1,7.9,0.0,0.5,2.38,0.0,1.0,14.28,2.5,0.0,0.0
2,2025-08-12 11:19:09,2025-08-12 11:33:28,1,1.76,1,N,79,249,1,14.9,0.0,0.5,3.93,0.0,1.0,23.58,2.5,0.0,0.75
2,2025-08-12 11:19:14,2025-08-12 11:30:34,2,0.91,1,N,211,79,1,11.4,0.0,0.5,4.84,0.0,1.0,20.99,2.5,0.0,0.75
2,2025-08-12 11:21:29,2025-08-12 11:43:25,1,2.9,1,N,162,238,2,20.5,0.0,0.5,0.0,0.0,1.0,25.25,2.5,0.0,0.75
2,2025-08-12 11:31:49,2025-08-12 12:07:38,1,3.0,1,N,186,140,2,30.3,0.0,0.5,0.0,0.0,1.0,35.05,2.5,0.0,0.75
1,2025-08-12 11:38:54,2025-08-12 12:00:39,1,1.7,1,N,233,236,1,18.4,3.25,0.5,3.47,0.0,1.0,26.62,2.5,0.0,0.75
2,2025-08-12 11:48:11,2025-08-12 12:02:07,1,1.46,1,N,236,237,1,14.2,0.0,0.5,3.64,0.0,1.0,21.84,2.5,0.0,0.0
2,2025-08-12 11:49:01,2025-08-12 12:08:45,1,2.39,1,N,237,234,1,18.4,0.0,0.5,4.63,0.0,1.0,27.78,2.5,0.0,0.75
2,2025-08-12 11:51:46,2025-08-12 12:05:07,1,0.9,1,N,164,161,1,12.8,0.0,0.5,3.51,0.0,1.0,21.06,2.5,0.0,0.75
2,2025-08-12 11:54:39,2025-08-12 12:10:02,1,6.34,1,N,170,33,1,27.5,0.0,0.5,6.45,0.0,1.0,38.7,2.5,0.0,0.75
2,2025-08-12 11:59:14,2025-08-12 12:46:35,2,11.45,1,N,132,92,1,56.9,0.0,0.5,11.68,0.0,1.0,71.83,0.0,1.75,0.0
2,2025-08-12 12:05:01,2025-08-12 12:39:19,1,8.48,1,N,137,256,2,41.5,0.0,0.5,0.0,0.0,1.0,46.25,2.5,0.0,0.75
1,2025-08-12 12:05:40,2025-08-12 12:59:23,1,2.8,99,N,71,225,1,21.5,0.0,0.5,0.0,0.0,0.0,22.0,0.0,0.0,0.0
2,2025-08-12 12:07:18,2025-08-12 12:54:40,1,17.26,1,N,132,170,1,70.9,0.0,0.5,0.0,6.94,1.0,84.34,2.5,1.75,0.75
2,2025-08-12 12:09:48,2025-08-12 12:29:22,2,2.53,1,N,43,48,1,19.1,0.0,0.5,4.77,0.0,1.0,28.62,2.5,0.0,0.75
2,2025-08-12 12:19:08,2025-08-12 12:36:06,1,1.88,1,N,237,170,1,16.3,0.0,0.5,6.32,0.0,1.0,27.37,2.5,0.0,0.75
2,2025-08-12 12:19:14,2025-08-12 12:25:17,1,0.85,1,N,113,249,1,7.9,0.0,0.5,2.53,0.0,1.0,15.18,2.5,0.0,0.75
2,2025-08-12 12:27:12,2025-08-12 12:35:55,1,1.74,1,N,48,238,1,10.7,0.0,0.5,4.0,0.0,1.0,19.45,2.5,0.0,0.75
1,2025-08-12 12:37:41,2025-08-12 13:02:00,1,3.6,1,N,166,163,1,21.2,3.25,0.5,5.2,0.0,1.0,31.15,2.5,0.0,0.75
1,2025-08-12 12:48:42,2025-08-12 13:00:29,1,0.8,1,N,170,164,2,11.4,3.25,0.5,0.0,0.0,1.0,16.15,2.5,0.0,0.75
1,2025-08-12 12:49:29,2025-08-12 12:54:44,1,1.0,1,N,233,164,1,7.2,3.25,0.5,2.4,0.0,1.0,14.35,2.5,0.0,0.75
2,2025-08-12 12:57:37,2025-08-12 13:05:42,1,1.62,1,N,142,237,1,10.7,0.0,0.5,2.94,0.0,1.0,17.64,2.5,0.0,0.0
2,2025-08-12 13:06:35,2025-08-12 13:11:23,1,1.28,1,N,142,236,1,8.6,0.0,0.5,3.15,0.0,1.0,15.75,2.5,0.0,0.0
2,2025-08-12 13:14:03,2025-08-12 13:30:47,1,2.24,1,N,162,246,1,17.0,0.0,0.5,3.26,0.0,1.0,25.01,2.5,0.0,0.75
1,2025-08-12 13:14:30,2025-08-12 13:36:27,1,3.2,1,N,231,170,2,19.8,3.25,0.5,0.0,0.0,1.0,24.55,2.5,0.0,0.75
2,2025-08-12 13:15:17,2025-08-12 13:25:40,2,0.81,1,N,170,161,1,10.0,0.0,0.5,2.95,0.0,1.0,17.7,2.5,0.0,0.75
2,2025-08-12 13:26:05,2025-08-12 13:29:22,1,0.44,1,N,107,137,2,5.1,0.0,0.5,0.0,0.0,1.0,9.85,2.5,0.0,0.75
2,2025-08-12 13:29:41,2025-08-12 14:03:59,1,8.85,1,N,261,112,1,41.5,0.0,0.5,10.64,6.94,1.0,63.83,2.5,0.0,0.75
2,2025-08-12 13:33:14,2025-08-12 13:46:29,2,1.66,1,N,162,229,1,13.5,0.0,0.5,1.5,0.0,1.0,19.75,2.5,0.0,0.75
2,2025-08-12 13:34:09,2025-08-12 13:59:21,3,8.24,1,N,158,161,1,37.3,0.0,0.5,8.41,0.0,1.0,50.46,2.5,0.0,0.75
2,2025-08-12 13:35:10,2025-08-12 14:34:24,3,17.16,2,N,48,10,2,70.0,0.0,0.5,0.0,6.94,1.0,81.69,2.5,0.0,0.75
2,2025-08-12 13:44:24,2025-08-12 14:00:48,1,2.06,1,N,140,170,1,17.0,0.0,0.5,5.44,0.0,1.0,27.19,2.5,0.0,0.75
2,2025-08-12 13:45:58,2025-08-12 14:39:57,1,18.33,2,N,132,90,1,70.0,0.0,0.5,8.0,6.94,1.0,91.44,2.5,1.75,0.75
2,2025-08-12 13:50:37,2025-08-12 13:56:53,1,0.48,1,N,237,237,1,7.2,0.0,0.5,2.39,0.0,1.0,14.34,2.5,0.0,0.75
2,2025-08-12 13:53:08,2025-08-12 14:09:22,1,1.77,1,N,262,75,2,15.6,0.0,0.5,0.0,0.0,1.0,19.6,2.5,0.0,0.0
2,2025-08-12 13:53:42,2025-08-12 14:07:58,1,1.04,1,N,229,164,1,12.8,0.0,0.5,3.51,0.0,1.0,21.06,2.5,0.0,0.75
1,2025-08-12 13:53:43,2025-08-12 14:00:49,1,1.0,1,N,236,262,1,7.9,2.5,0.5,2.0,0.0,1.0,13.9,2.5,0.0,0.0
2,2025-08-12 14:17:04,2025-08-12 14:54:49,4,6.92,1,N,143,256,1,38.7,0.0,0.5,8.69,0.0,1.0,52.14,2.5,0.0,0.75
1,2025-08-12 14:21:42,2025-08-12 14:33:30,1,1.7,1,N,107,249,1,11.4,3.25,0.5,4.05,0.0,1.0,20.2,2.5,0.0,0.75
2,2025-08-12 14:22:27,2025-08-12 14:30:28,1,1.03,1,N,246,246,1,9.3,0.0,0.5,2.81,0.0,1.0,16.86,2.5,0.0,0.75
1,2025-08-12 14:25:39,2025-08-12 14:30:17,1,0.7,1,N,262,236,3,6.5,2.5,0.5,0.0,0.0,1.0,10.5,2.5,0.0,0.0
2,2025-08-12 14:28:33,2025-08-12 14:44:42,2,0.82,1,N,237,140,2,14.2,0.0,0.5,0.0,0.0,1.0,18.2,2.5,0.0,0.0
2,2025-08-12 14:43:19,2025-08-12 14:50:10,1,0.6,1,N,236,237,1,7.9,0.0,0.5,2.38,0.0,1.0,14.28,2.5,0.0,0.0
2,2025-08-12 14:46:58,2025-08-12 15:24:34,2,5.97,1,N,88,186,1,38.0,0.0,0.5,12.82,0.0,1.0,55.57,2.5,0.0,0.75
2,2025-08-12 14:51:06,2025-08-12 14:59:32,1,0.96,1,N,164,161,2,9.3,0.0,0.5,0.0,0.0,1.0,14.05,2.5,0.0,0.75
2,2025-08-12 15:04:17,2025-08-12 15:08:43,1,0.37,1,N,114,144,2,5.8,0.0,0.5,0.0,0.0,1.0,10.55,2.5,0.0,0.75
2,2025-08-12 15:10:11,2025-08-12 15:36:57,1,2.7,1,N,140,239,1,23.3,0.0,0.5,5.46,0.0,1.0,32.76,2.5,0.0,0.0
1,2025-08-12 15:12:49,2025-08-12 15:17:53,1,0.9,1,N,239,142,1,7.2,3.25,0.5,2.4,0.0,1.0,14.35,2.5,0.0,0.75
2,2025-08-12 15:17:10,2025-08-12 15:35:27,2,3.18,1,N,13,234,1,20.5,0.0,0.5,5.05,0.0,1.0,30.3,2.5,0.0,0.75
2,2025-08-12 15:23:07,2025-08-12 15:26:09,2,0.35,1,N,142,163,1,5.1,0.0,0.5,1.97,0.0,1.0,11.82,2.5,0.0,0.75
2,2025-08-12 15:39:29,2025-08-12 15:52:13,1,1.55,1,N,164,163,1,12.8,0.0,0.5,4.39,0.0,1.0,21.94,2.5,0.0,0.75
2,2025-08-12 15:50:48,2025-08-12 15:59:00,2,0.82,1,N,161,100,2,8.6,0.0,0.5,0.0,0.0,1.0,13.35,2.5,0.0,0.75
2,2025-08-12 15:59:00,2025-08-12 16:26:00,1,2.51,1,N,162,263,2,23.3,0.0,0.5,0.0,0.0,1.0,28.05,2.5,0.0,0.75
2,2025-08-12 15:59:10,2025-08-12 16:10:46,1,1.51,1,N,164,234,1,11.4,0.0,0.5,3.23,0.0,1.0,19.38,2.5,0.0,0.75
2,2025-08-12 16:13:17,2025-08-12 16:36:35,1,7.43,1,N,138,95,1,33.1,7.5,0.5,0.0,0.0,1.0,43.85,0.0,1.75,0.0
2,2025-08-12 16:25:28,2025-08-12 16:36:50,1,1.94,1,N,234,246,1,12.8,2.5,0.5,4.01,0.0,1.0,24.06,2.5,0.0,0.75
2,2025-08-12 16:34:32,2025-08-12 16:59:11,1,1.4,1,N,68,161,1,20.5,2.5,0.5,5.55,0.0,1.0,33.3,2.5,0.0,0.75
2,2025-08-12 16:36:33,2025-08-12 16:51:25,1,1.5,1,N,170,224,1,14.2,2.5,0.5,4.29,0.0,1.0,25.74,2.5,0.0,0.75
2,2025-08-12 16:41:19,2025-08-12 16:47:44,1,0.39,1,N,230,163,1,7.2,2.5,0.5,2.89,0.0,1.0,17.34,2.5,0.0,0.75
2,2025-08-12 16:42:06,2025-08-12 16:44:06,1,0.47,1,N,236,236,1,4.4,2.5,0.5,2.18,0.0,1.0,13.08,2.5,0.0,0.0
2,2025-08-12 16:43:33,2025-08-12 16:49:11,1,0.95,1,N,163,142,1,7.2,2.5,0.5,2.89,0.0,1.0,17.34,2.5,0.0,0.75
2,2025-08-12 16:46:09,2025-08-12 17:07:40,1,2.58,1,N,249,233,1,19.8,2.5,0.5,5.41,0.0,1.0,32.46,2.5,0.0,0.75
1,2025-08-12 16:46:27,2025-08-12 17:16:24,1,4.8,99,N,42,20,1,29.5,0.0,0.5,0.0,0.0,0.0,30.0,0.0,0.0,0.0
2,2025-08-12 16:46:40,2025-08-12 16:56:59,1,0.03,1,N,161,161,1,10.0,2.5,0.5,3.45,0.0,1.0,20.7,2.5,0.0,0.75
2,2025-08-12 16:47:35,2025-08-12 16:56:49,1,1.04,1,N,141,229,1,10.0,2.5,0.5,2.0,0.0,1.0,19.25,2.5,0.0,0.75
2,2025-08-12 17:00:01,2025-08-12 17:24:40,3,8.12,1,N,236,261,2,35.9,2.5,0.5,0.0,0.0,1.0,43.15,2.5,0.0,0.75
2,2025-08-12 17:07:48,2025-08-12 17:38:21,1,4.5,1,N,211,230,2,29.6,2.5,0.5,0.0,0.0,1.0,36.85,2.5,0.0,0.75
2,2025-08-12 17:09:57,2025-08-12 17:26:52,1,8.17,1,N,138,164,1,32.4,7.5,0.5,10.73,9.0,1.0,66.13,2.5,1.75,0.75
2,2025-08-12 17:16:53,2025-08-12 17:29:41,1,2.35,1,N,162,263,1,13.5,2.5,0.5,4.15,0.0,1.0,24.9,2.5,0.0,0.75
2,2025-08-12 17:18:28,2025-08-12 17:23:23,3,0.76,1,N,233,137,1,6.5,2.5,0.5,2.0,0.0,1.0,15.75,2.5,0.0,0.75
2,2025-08-12 17:24:04,2025-08-12 17:28:26,1,0.41,1,N,161,170,1,5.8,2.5,0.5,1.0,0.0,1.0,14.05,2.5,0.0,0.75
2,2025-08-12 17:27:30,2025-08-12 17:34:21,1,0.83,1,N,234,107,1,7.9,2.5,0.5,3.03,0.0,1.0,18.18,2.5,0.0,0.75
2,2025-08-12 17:42:12,2025-08-12 18:33:23,2,15.41,1,N,132,112,1,67.4,2.5,0.5,14.28,0.0,1.0,87.43,0.0,1.75,0.0
2,2025-08-12 17:52:08,2025-08-12 17:54:07,1,0.36,1,N,48,48,1,4.4,2.5,0.5,1.0,0.0,1.0,12.65,2.5,0.0,0.75
2,2025-08-12 18:03:28,2025-08-12 18:22:52,1,3.03,1,N,186,4,1,19.1,2.5,0.5,5.27,0.0,1.0,31.62,2.5,0.0,0.75
2,2025-08-12 18:19:58,2025-08-12 18:25:24,1,0.85,1,N,236,237,2,7.2,2.5,0.5,0.0,0.0,1.0,13.7,2.5,0.0,0.0
2,2025-08-12 18:20:51,2025-08-12 18:25:27,1,0.61,1,N,163,230,1,6.5,2.5,0.5,3.44,0.0,1.0,17.19,2.5,0.0,0.75
1,2025-08-12 18:23:04,2025-08-12 18:49:44,1,10.7,1,N,138,114,1,43.6,12.5,0.5,11.5,0.0,1.0,69.1,2.5,1.75,0.75
2,2025-08-12 18:24:32,2025-08-12 18:30:58,1,1.25,1,N,237,236,1,9.3,2.5,0.5,1.58,0.0,1.0,17.38,2.5,0.0,0.0
1,2025-08-12 18:37:45,2025-08-12 19:32:23,1,17.2,2,N,132,230,1,70.0,10.0,0.5,2.0,6.94,1.0,90.44,2.5,1.75,0.75
2,2025-08-12 18:38:44,2025-08-12 18:50:28,1,1.78,1,N,162,234,1,12.8,2.5,0.5,4.01,0.0,1.0,24.06,2.5,0.0,0.75
2,2025-08-12 18:45:22,2025-08-12 18:51:09,1,0.81,1,N,249,90,1,7.2,2.5,0.5,3.61,0.0,1.0,18.06,2.5,0.0,0.75
2,2025-08-12 18:49:45,2025-08-12 18:57:07,5,1.51,1,N,249,186,1,10.0,2.5,0.5,5.18,0.0,1.0,22.43,2.5,0.0,0.75
2,2025-08-12 18:55:13,2025-08-12 18:59:54,1,0.53,1,N,239,239,1,6.5,2.5,0.5,3.25,0.0,1.0,16.25,2.5,0.0,0.0
2,2025-08-12 19:10:10,2025-08-12 19:21:47,1,3.17,1,N,140,224,1,16.3,2.5,0.5,4.71,0.0,1.0,28.26,2.5,0.0,0.75
2,2025-08-12 19:14:20,2025-08-12 19:25:03,2,0.96,1,N,186,230,2,10.7,2.5,0.5,0.0,0.0,1.0,17.95,2.5,0.0,0.75
2,2025-08-12 19:18:24,2025-08-12 19:39:38,1,7.68,1,N,138,112,1,33.8,7.5,0.5,10.0,0.0,1.0,54.55,0.0,1.75,0.0
2,2025-08-12 19:19:19,2025-08-12 19:36:58,1,2.06,1,N,162,113,1,16.3,2.5,0.5,2.0,0.0,1.0,25.55,2.5,0.0,0.75
2,2025-08-12 19:21:30,2025-08-12 19:53:51,1,10.14,1,N,132,98,1,43.6,2.5,0.5,3.0,0.0,1.0,55.6,2.5,1.75,0.75
2,2025-08-12 19:21:45,2025-08-12 19:29:44,1,0.78,1,N,161,230,1,8.6,2.5,0.5,1.0,0.0,1.0,16.85,2.5,0.0,0.75
2,2025-08-12 19:22:41,2025-08-12 19:38:03,1,2.4,1,N,68,161,1,15.6,2.5,0.5,4.57,0.0,1.0,27.42,2.5,0.0,0.75
1,2025-08-12 19:25:35,2025-08-12 19:37:30,1,1.9,1,Y,237,239,1,13.5,5.0,0.5,4.0,0.0,1.0,24.0,2.5,0.0,0.0
1,2025-08-12 19:38:56,2025-08-12 20:36:18,1,14.3,99,N,130,49,1,40.5,0.0,0.5,0.0,0.0,0.0,41.0,0.0,0.0,0.0
2,2025-08-12 19:39:43,2025-08-12 19:45:20,1,0.87,1,N,246,246,1,7.2,2.5,0.5,3.61,0.0,1.0,18.06,2.5,0.0,0.75
2,2025-08-12 19:50:10,2025-08-12 20:06:51,1,4.23,1,N,211,163,2,21.2,2.5,0.5,0.0,0.0,1.0,28.45,2.5,0.0,0.75
2,2025-08-12 20:10:02,2025-08-12 20:47:42,1,18.05,2,N,132,148,1,70.0,0.0,0.5,14.95,0.0,1.0,91.45,2.5,1.75,0.75
2,2025-08-12 20:22:20,2025-08-12 20:33:08,1,1.64,1,N,162,142,1,12.1,1.0,0.5,3.57,0.0,1.0,21.42,2.5,0.0,0.75
2,2025-08-12 20:23:01,2025-08-12 20:48:46,1,11.6,1,N,132,252,2,44.3,1.0,0.5,0.0,0.0,1.0,48.55,0.0,1.75,0.0
2,2025-08-12 20:31:25,2025-08-12 20:34:50,2,0.62,1,N,237,237,1,5.8,1.0,0.5,2.16,0.0,1.0,12.96,2.5,0.0,0.0
2,2025-08-12 20:33:15,2025-08-12 20:45:15,1,1.48,1,N,161,237,1,12.8,1.0,0.5,3.71,0.0,1.0,22.26,2.5,0.0,0.75
2,2025-08-12 20:35:04,2025-08-12 20:45:51,2,1.79,1,N,237,234,1,12.1,1.0,0.5,3.57,0.0,1.0,21.42,2.5,0.0,0.75
2,2025-08-12 20:35:45,2025-08-12 21:03:39,1,11.07,1,N,68,69,1,46.4,1.0,0.5,0.0,0.0,1.0,52.15,2.5,0.0,0.75
1,2025-08-12 20:40:09,2025-08-12 21:02:31,1,4.8,1,N,246,236,1,22.6,4.25,0.5,4.81,0.0,1.0,33.16,2.5,0.0,0.75
1,2025-08-12 20:40:27,2025-08-12 21:03:42,1,4.1,1,N,237,211,1,21.9,4.25,0.5,5.55,0.0,1.0,33.2,2.5,0.0,0.75
1,2025-08-12 20:40:30,2025-08-12 20:53:06,1,2.1,1,N,163,234,1,12.8,4.25,0.5,3.7,0.0,1.0,22.25,2.5,0.0,0.75
2,2025-08-12 20:44:57,2025-08-12 20:47:11,1,0.49,1,N,236,236,1,5.1,1.0,0.5,2.02,0.0,1.0,12.12,2.5,0.0,0.0
2,2025-08-12 20:52:27,2025-08-12 21:00:23,1,1.62,1,N,161,141,1,10.0,1.0,0.5,2.36,0.0,1.0,18.11,2.5,0.0,0.75
2,2025-08-12 21:14:14,2025-08-12 21:20:00,1,0.56,1,N,162,43,1,7.2,1.0,0.5,2.0,0.0,1.0,14.95,2.5,0.0,0.75
1,2025-08-12 21:14:58,2025-08-12 21:24:54,1,1.8,1,N,230,236,1,10.7,4.25,0.5,4.1,0.0,1.0,20.55,2.5,0.0,0.75
2,2025-08-12 21:21:48,2025-08-12 21:42:38,1,9.12,1,N,138,170,1,37.3,6.0,0.5,13.75,6.94,1.0,70.49,2.5,1.75,0.75
2,2025-08-12 21:24:39,2025-08-12 21:38:14,1,2.15,1,N,161,236,1,14.9,1.0,0.5,4.13,0.0,1.0,24.78,2.5,0.0,0.75
2,2025-08-12 21:36:13,2025-08-12 21:43:54,1,1.3,1,N,48,68,1,9.3,1.0,0.5,3.76,0.0,1.0,18.81,2.5,0.0,0.75
2,2025-08-12 21:42:13,2025-08-12 21:52:06,1,1.42,1,N,79,231,1,11.4,1.0,0.5,3.43,0.0,1.0,20.58,2.5,0.0,0.75
2,2025-08-12 21:50:53,2025-08-12 21:55:49,1,0.98,1,N,142,237,1,7.2,1.0,0.5,1.22,0.0,1.0,13.42,2.5,0.0,0.0
2,2025-08-12 22:04:26,2025-08-12 22:22:25,1,3.37,1,N,233,145,1,19.8,1.0,0.5,5.11,0.0,1.0,30.66,2.5,0.0,0.75
1,2025-08-12 22:07:33,2025-08-12 22:17:17,1,1.5,1,N,163,164,1,10.0,4.25,0.5,2.25,0.0,1.0,18.0,2.5,0.0,0.75
2,2025-08-12 22:10:13,2025-08-12 22:24:56,2,3.36,1,N,90,145,1,17.7,1.0,0.5,3.04,6.94,1.0,33.43,2.5,0.0,0.75
2,2025-08-12 22:13:21,2025-08-12 22:25:04,1,3.32,1,N,237,41,1,15.6,1.0,0.5,4.12,0.0,1.0,24.72,2.5,0.0,0.0
2,2025-08-12 22:16:37,2025-08-12 22:25:00,1,0.78,1,N,230,230,1,8.6,1.0,0.5,2.87,0.0,1.0,17.22,2.5,0.0,0.75
1,2025-08-12 22:22:32,2025-08-12 22:30:43,1,2.1,1,N,230,236,1,11.4,4.25,0.5,3.4,0.0,1.0,20.55,2.5,0.0,0.75
2,2025-08-12 22:32:40,2025-08-12 22:46:06,2,3.22,1,N,239,42,1,16.3,1.0,0.5,4.26,0.0,1.0,25.56,2.5,0.0,0.0
1,2025-08-12 22:32:58,2025-08-12 22:44:04,1,2.5,1,N,161,249,1,13.5,4.25,0.5,3.85,0.0,1.0,23.1,2.5,0.0,0.75
2,2025-08-12 22:38:22,2025-08-12 23:07:03,1,9.79,1,N,249,95,4,41.5,1.0,0.5,0.0,8.94,1.0,56.19,2.5,0.0,0.75
1,2025-08-12 22:47:31,2025-08-12 22:56:39,2,0.8,1,N,161,230,3,9.3,4.25,0.5,0.0,0.0,1.0,15.05,2.5,0.0,0.75
1,2025-08-12 22:57:10,2025-08-12 23:18:32,1,9.0,1,N,138,236,1,38.7,10.25,0.5,11.45,6.94,1.0,68.84,2.5,1.75,0.0
2,2025-08-12 23:20:31,2025-08-12 23:31:45,1,2.26,1,N,161,79,1,13.5,1.0,0.5,3.0,0.0,1.0,22.25,2.5,0.0,0.75
2,2025-08-12 23:32:23,2025-08-12 23:37:55,1,1.13,1,N,49,17,1,7.2,1.0,0.5,1.94,0.0,1.0,11.64,0.0,0.0,0.0
2,2025-08-12 23:35:22,2025-08-13 00:02:05,2,12.66,1,N,132,157,2,50.6,1.0,0.5,0.0,0.0,1.0,54.85,0.0,1.75,0.0
2,2025-08-12 23:42:16,2025-08-12 23:50:38,1,1.28,1,N,164,162,2,9.3,1.0,0.5,0.0,0.0,1.0,15.05,2.5,0.0,0.75
2,2025-08-12 23:49:16,2025-08-13 00:01:17,1,2.63,1,N,234,141,1,14.9,1.0,0.5,4.13,0.0,1.0,24.78,2.5,0.0,0.75
2,2025-08-12 23:59:32,2025-08-13 00:40:55,1,21.8,2,N,132,243,2,70.0,0.0,0.5,0.0,6.94,1.0,80.19,0.0,1.75,0.0
2,2025-08-13 00:08:11,2025-08-13 00:23:39,1,7.7,1,N,138,262,1,31.7,6.0,0.5,9.73,6.94,1.0,60.12,2.5,1.75,0.0
1,2025-08-13 00:31:58,2025-08-13 00:38:50,1,0.9,1,N,114,79,1,7.9,4.25,0.5,2.75,0.0,1.0,16.4,2.5,0.0,0.75
1,2025-08-13 01:09:22,2025-08-13 01:19:18,1,2.6,1,N,164,236,1,13.5,4.25,0.5,3.85,0.0,1.0,23.1,2.5,0.0,0.75
1,2025-08-13 05:05:31,2025-08-13 05:27:10,1,12.4,99,N,248,130,1,41.5,0.0,0.5,0.0,6.94,0.0,48.94,0.0,0.0,0.0
1,2025-08-13 05:52:45,2025-08-13 06:42:50,1,12.3,99,N,130,48,1,44.5,0.0,0.5,0.0,6.94,0.0,51.94,0.0,0.0,0.0
2,2025-08-13 05:53:34,2025-08-13 06:00:12,1,1.09,1,N,186,161,1,8.6,1.0,0.5,2.87,0.0,1.0,17.22,2.5,0.0,0.75
2,2025-08-13 06:03:40,2025-08-13 06:28:50,1,13.59,1,N,261,138,1,54.8,5.0,0.5,12.76,0.0,1.0,76.56,2.5,0.0,0.0
1,2025-08-13 06:35:07,2025-08-13 07:50:50,1,9.5,99,N,82,71,1,35.5,0.0,0.5,0.0,0.0,0.0,36.0,0.0,0.0,0.0
2,2025-08-13 07:02:30,2025-08-13 07:10:45,1,2.88,1,N,263,233,1,14.2,0.0,0.5,1.5,0.0,1.0,19.7,2.5,0.0,0.0
1,2025-08-13 07:05:41,2025-08-13 07:07:20,1,0.5,1,N,238,238,1,4.4,2.5,0.5,3.0,0.0,1.0,11.4,2.5,0.0,0.0
2,2025-08-13 07:31:15,2025-08-13 07:39:09,4,1.05,1,N,230,186,1,9.3,0.0,0.5,0.04,0.0,1.0,14.09,2.5,0.0,0.75
2,2025-08-13 07:37:45,2025-08-13 07:47:04,1,2.21,1,N,249,170,2,12.1,0.0,0.5,0.0,0.0,1.0,16.85,2.5,0.0,0.75
2,2025-08-13 07:50:00,2025-08-13 08:13:09,1,16.73,4,N,50,1,1,112.9,0.0,0.0,20.0,22.46,1.0,157.11,0.0,0.0,0.75
2,2025-08-13 08:06:08,2025-08-13 08:13:17,1,0.84,1,N,186,161,1,7.9,0.0,0.5,1.9,0.0,1.0,14.55,2.5,0.0,0.75
1,2025-08-13 08:13:36,2025-08-13 08:18:56,1,0.9,1,N,170,234,1,7.2,3.25,0.5,2.35,0.0,1.0,14.3,2.5,0.0,0.75
1,2025-08-13 08:25:49,2025-08-13 08:28:53,1,0.7,1,N,151,239,1,5.8,2.5,0.5,0.0,0.0,1.0,9.8,2.5,0.0,0.0
2,2025-08-13 08:26:30,2025-08-13 08:52:17,1,6.29,1,N,33,170,1,31.0,0.0,0.5,7.15,0.0,1.0,42.9,2.5,0.0,0.75
1,2025-08-13 08:28:44,2025-08-13 09:08:29,1,11.5,99,N,49,121,1,39.5,0.0,0.5,0.0,0.0,0.0,40.0,0.0,0.0,0.0
2,2025-08-13 08:41:59,2025-08-13 08:56:44,2,2.35,1,N,90,231,1,15.6,0.0,0.5,4.07,0.0,1.0,24.42,2.5,0.0,0.75
2,2025-08-13 08:51:53,2025-08-13 08:59:16,1,0.94,1,N,262,236,1,8.6,0.0,0.5,2.52,0.0,1.0,15.12,2.5,0.0,0.0
2,2025-08-13 08:56:45,2025-08-13 09:00:42,1,0.59,1,N,236,75,1,5.8,0.0,0.5,1.96,0.0,1.0,11.76,2.5,0.0,0.0
2,2025-08-13 09:08:37,2025-08-13 09:34:20,1,3.22,1,N,238,161,1,24.0,0.0,0.5,5.75,0.0,1.0,34.5,2.5,0.0,0.75
1,2025-08-13 09:14:13,2025-08-13 09:40:28,1,2.5,1,N,186,237,1,23.3,3.25,0.5,5.6,0.0,1.0,33.65,2.5,0.0,0.75
1,2025-08-13 09:17:22,2025-08-13 09:37:34,1,6.8,1,N,230,244,1,30.3,3.25,0.5,7.0,0.0,1.0,42.05,2.5,0.0,0.75
2,2025-08-13 09:17:40,2025-08-13 10:21:25,1,22.17,1,N,132,228,2,92.6,0.0,0.5,0.0,0.0,1.0,95.85,0.0,1.75,0.0
2,2025-08-13 09:21:43,2025-08-13 09:30:22,1,0.8,1,N,100,161,1,9.3,0.0,0.5,3.51,0.0,1.0,17.56,2.5,0.0,0.75
1,2025-08-13 09:23:51,2025-08-13 09:30:40,1,0.3,1,N,162,237,1,7.2,3.25,0.5,2.35,0.0,1.0,14.3,2.5,0.0,0.75
2,2025-08-13 09:33:38,2025-08-13 09:50:07,1,3.55,1,N,229,74,1,18.4,0.0,0.5,4.63,0.0,1.0,27.78,2.5,0.0,0.75
2,2025-08-13 09:59:04,2025-08-13 10:09:37,1,1.07,1,N,163,141,1,10.7,0.0,0.5,4.63,0.0,1.0,20.08,2.5,0.0,0.75
2,2025-08-13 10:09:52,2025-08-13 10:31:54,1,3.53,1,N,238,68,1,22.6,0.0,0.5,5.47,0.0,1.0,32.82,2.5,0.0,0.75
2,2025-08-13 10:14:29,2025-08-13 10:30:03,1,5.61,1,N,70,202,1,23.3,5.0,0.5,4.73,0.0,1.0,36.28,0.0,1.75,0.0
2,2025-08-13 10:28:33,2025-08-13 11:00:47,1,9.33,1,N,138,225,1,42.9,5.0,0.5,12.35,0.0,1.0,63.5,0.0,1.75,0.0
2,2025-08-13 10:33:27,2025-08-13 10:46:51,1,2.13,1,N,142,236,1,14.9,0.0,0.5,3.78,0.0,1.0,22.68,2.5,0.0,0.0
2,2025-08-13 10:52:45,2025-08-13 11:20:06,1,2.61,1,N,100,236,1,23.3,0.0,0.5,2.8,0.0,1.0,30.85,2.5,0.0,0.75
2,2025-08-13 10:52:51,2025-08-13 11:20:28,1,3.01,1,N,236,186,1,24.7,0.0,0.5,1.5,0.0,1.0,30.95,2.5,0.0,0.75
